No.,Name,Time (ms),Timegap (ms),Duration,Gaze X,Gaze Y,Pupil Diameter Left (mm),Pupil Diameter Right (mm),X-offset,Y-offset,Mouse X-coord,Mouse Y-coord,AOI,Left Eye X,Left Eye Y,Right Eye X,Right Eye Y,Detection
1,Teste 12,0,0,0,481,254,"4,94","5,13",0,0,589,298,1,0,0,0,0,
2,Teste 12,17,17,17,474,256,"4,99","5,15",0,0,589,298,1,0,0,0,0,
3,Teste 12,33,17,17,469,239,"4,92","5,2",0,0,589,298,1,0,0,0,0,
4,Teste 12,50,17,17,472,240,"4,94","5,13",0,0,589,298,1,0,0,0,0,
5,Teste 12,67,17,17,470,262,"4,97","5,13",0,0,589,298,1,0,0,0,0,
6,Teste 12,83,17,17,469,260,"4,92","5,13",0,0,589,298,1,0,0,0,0,
7,Teste 12,100,17,17,466,265,"4,99","5,1",0,0,589,298,1,0,0,0,0,
8,Teste 12,116,17,17,468,254,"4,97","5,18",0,0,589,298,1,0,0,0,0,
9,Teste 12,133,17,17,474,251,"4,99","5,17",0,0,589,298,1,0,0,0,0,
10,Teste 12,150,17,17,474,254,"4,96","5,15",0,0,589,298,1,0,0,0,0,
11,Teste 12,166,17,17,468,262,"5,01","5,13",0,0,589,298,1,0,0,0,0,
12,Teste 12,183,17,17,470,258,"5,05","5,18",0,0,589,298,1,0,0,0,0,
13,Teste 12,200,17,17,463,267,"4,97","5,15",0,0,589,298,1,0,0,0,0,
14,Teste 12,216,17,17,471,242,"4,99","5,17",0,0,589,298,1,0,0,0,0,
15,Teste 12,233,17,17,461,272,"4,99","5,15",0,0,589,298,1,0,0,0,0,
16,Teste 12,250,17,17,462,270,"5,02","5,21",0,0,589,298,1,0,0,0,0,
17,Teste 12,266,17,17,462,281,"5,01","5,18",0,0,589,298,-,0,0,0,0,
18,Teste 12,283,17,17,468,275,"5,04","5,23",0,0,589,298,1,0,0,0,0,
19,Teste 12,299,17,17,465,274,"5,07","5,26",0,0,589,298,1,0,0,0,0,
20,Teste 12,316,17,17,468,263,"5,05","5,17",0,0,589,298,1,0,0,0,0,
21,Teste 12,333,17,17,464,264,"4,99","5,15",0,0,589,298,1,0,0,0,0,
22,Teste 12,349,17,17,463,276,"5,04","5,17",0,0,589,298,1,0,0,0,0,
23,Teste 12,366,17,17,457,267,"4,99","5,2",0,0,589,298,1,0,0,0,0,
24,Teste 12,383,17,17,464,255,"4,97","5,18",0,0,589,298,1,0,0,0,0,
25,Teste 12,399,17,17,473,252,"4,99","5,28",0,0,589,298,1,0,0,0,0,
26,Teste 12,416,17,17,464,248,"4,91","5,17",0,0,589,298,1,0,0,0,0,
27,Teste 12,433,17,17,468,248,"4,94","5,2",0,0,589,298,1,0,0,0,0,
28,Teste 12,449,17,17,463,258,"4,91","5,15",0,0,589,298,1,0,0,0,0,
29,Teste 12,466,17,17,468,251,"4,92","5,13",0,0,589,298,1,0,0,0,0,
30,Teste 12,482,17,17,463,265,"4,97","5,12",0,0,589,298,1,0,0,0,0,
31,Teste 12,499,17,17,459,266,"4,91","5,1",0,0,589,298,1,0,0,0,0,
32,Teste 12,516,17,17,461,263,"4,91","5,07",0,0,589,298,1,0,0,0,0,
33,Teste 12,532,17,17,463,275,"4,91","5,05",0,0,589,298,1,0,0,0,0,
34,Teste 12,549,17,17,452,264,"4,89","5,01",0,0,589,298,1,0,0,0,0,
35,Teste 12,566,17,17,457,259,"4,89","5,02",0,0,589,298,1,0,0,0,0,
36,Teste 12,582,17,17,456,270,"4,86","5,05",0,0,589,298,1,0,0,0,0,
37,Teste 12,599,17,17,465,264,"4,96","5,02",0,0,589,298,1,0,0,0,0,
38,Teste 12,615,17,17,468,269,"4,91","5,05",0,0,589,298,1,0,0,0,0,
39,Teste 12,632,17,17,461,265,"4,94","5,09",0,0,589,298,1,0,0,0,0,
40,Teste 12,649,17,17,464,241,"4,88","5,1",0,0,589,298,1,0,0,0,0,
41,Teste 12,665,17,17,458,273,"4,97","5,05",0,0,589,298,1,0,0,0,0,
42,Teste 12,682,17,17,462,250,"4,92","5,02",0,0,589,298,1,0,0,0,0,
43,Teste 12,699,17,17,461,260,"4,88","5,07",0,0,589,298,1,0,0,0,0,
44,Teste 12,715,17,17,469,267,"4,96","5,1",0,0,589,298,1,0,0,0,0,
45,Teste 12,732,17,17,465,259,"5,04","5,13",0,0,589,298,1,0,0,0,0,
46,Teste 12,749,17,17,461,265,"5,02","5,13",0,0,589,298,1,0,0,0,0,
47,Teste 12,765,17,17,459,247,"4,96","5,13",0,0,589,298,1,0,0,0,0,
48,Teste 12,782,17,17,459,267,"5,04","5,15",0,0,589,298,1,0,0,0,0,
49,Teste 12,798,17,17,433,269,"5,01","5,15",0,0,589,298,1,0,0,0,0,
50,Teste 12,815,17,17,402,264,"5,05","5,15",0,0,589,298,1,0,0,0,0,
51,Teste 12,832,17,17,399,240,"5,01","5,15",0,0,589,298,1,0,0,0,0,
52,Teste 12,848,17,17,400,236,"5,01","5,25",0,0,589,298,1,0,0,0,0,
53,Teste 12,865,17,17,397,234,"4,99","5,21",0,0,589,298,1,0,0,0,0,
54,Teste 12,882,17,17,392,255,"5,07","5,23",0,0,589,298,1,0,0,0,0,
55,Teste 12,898,17,17,395,246,"5,05","5,26",0,0,589,298,1,0,0,0,0,
56,Teste 12,915,17,17,400,243,"5,09","5,25",0,0,589,298,1,0,0,0,0,
57,Teste 12,932,17,17,400,252,"5,04","5,25",0,0,589,298,1,0,0,0,0,
58,Teste 12,948,17,17,395,250,"5,05","5,23",0,0,589,298,1,0,0,0,0,
59,Teste 12,965,17,17,395,244,"5,1","5,26",0,0,589,298,1,0,0,0,0,
60,Teste 12,981,17,17,397,238,"5,07","5,25",0,0,589,298,1,0,0,0,0,
61,Teste 12,998,17,17,392,250,"5,04","5,21",0,0,589,298,1,0,0,0,0,
62,Teste 12,1015,17,17,399,236,"5,05","5,18",0,0,589,298,1,0,0,0,0,
63,Teste 12,1031,17,17,398,252,"5,1","5,2",0,0,589,298,1,0,0,0,0,
64,Teste 12,1048,17,17,392,242,"5,09","5,31",0,0,589,298,1,0,0,0,0,
65,Teste 12,1065,17,17,399,233,"5,05","5,29",0,0,589,298,1,0,0,0,0,
66,Teste 12,1081,17,17,367,256,"5,1","5,31",0,0,589,298,1,0,0,0,0,
67,Teste 12,1098,17,17,343,260,"5,07","5,29",0,0,589,298,1,0,0,0,0,
68,Teste 12,1115,17,17,339,261,"5,1","5,28",0,0,589,298,1,0,0,0,0,
69,Teste 12,1131,17,17,328,268,"5,09","5,28",0,0,589,298,-,0,0,0,0,
70,Teste 12,1148,17,17,340,262,"5,1","5,31",0,0,589,298,1,0,0,0,0,
71,Teste 12,1164,17,17,341,258,"5,1","5,31",0,0,589,298,1,0,0,0,0,
72,Teste 12,1181,17,17,340,259,"5,01","5,33",0,0,589,298,1,0,0,0,0,
73,Teste 12,1198,17,17,341,273,"5,07","5,29",0,0,589,298,1,0,0,0,0,
74,Teste 12,1214,17,17,343,251,"5,1","5,33",0,0,589,298,1,0,0,0,0,
75,Teste 12,1231,17,17,342,267,"5,15","5,31",0,0,589,298,1,0,0,0,0,
76,Teste 12,1248,17,17,336,269,"5,12","5,29",0,0,589,298,1,0,0,0,0,
77,Teste 12,1264,17,17,326,265,"5,1","5,28",0,0,589,298,-,0,0,0,0,
78,Teste 12,1281,17,17,343,258,"5,13","5,26",0,0,589,298,1,0,0,0,0,
79,Teste 12,1298,17,17,338,265,"5,15","5,28",0,0,589,298,1,0,0,0,0,
80,Teste 12,1314,17,17,341,269,"5,09","5,34",0,0,589,298,1,0,0,0,0,
81,Teste 12,1331,17,17,337,269,"5,1","5,26",0,0,589,298,1,0,0,0,0,
82,Teste 12,1347,17,17,351,248,"5,09","5,33",0,0,589,298,1,0,0,0,0,
83,Teste 12,1364,17,17,341,267,"5,2","5,31",0,0,589,298,1,0,0,0,0,
84,Teste 12,1381,17,17,339,257,"5,13","5,34",0,0,589,298,1,0,0,0,0,
85,Teste 12,1397,17,17,348,272,"5,13","5,39",0,0,589,298,1,0,0,0,0,
86,Teste 12,1414,17,17,343,261,"5,13","5,36",0,0,589,298,1,0,0,0,0,
87,Teste 12,1431,17,17,331,230,"5,09","5,33",0,0,589,298,1,0,0,0,0,
88,Teste 12,1447,17,17,337,247,"5,09","5,34",0,0,589,298,1,0,0,0,0,
89,Teste 12,1464,17,17,343,256,"5,09","5,31",0,0,589,298,1,0,0,0,0,
90,Teste 12,1481,17,17,341,259,"5,12","5,33",0,0,589,298,1,0,0,0,0,
91,Teste 12,1497,17,17,339,241,"5,13","5,33",0,0,589,298,1,0,0,0,0,
92,Teste 12,1514,17,17,354,244,"5,07","5,33",0,0,589,298,1,0,0,0,0,
93,Teste 12,1530,17,17,341,275,"5,15","5,31",0,0,589,298,1,0,0,0,0,
94,Teste 12,1547,17,17,341,263,"5,15","5,33",0,0,589,298,1,0,0,0,0,
95,Teste 12,1564,17,17,348,245,"5,09","5,37",0,0,589,298,1,0,0,0,0,
96,Teste 12,1580,17,17,348,245,"5,07","5,31",0,0,589,298,1,0,0,0,0,
97,Teste 12,1597,17,17,344,266,"5,02","5,37",0,0,589,298,1,0,0,0,0,
98,Teste 12,1614,17,17,343,252,"5,05","5,34",0,0,589,298,1,0,0,0,0,
99,Teste 12,1630,17,17,346,256,"5,05","5,37",0,0,589,298,1,0,0,0,0,
100,Teste 12,1647,17,17,335,286,"5,15","5,29",0,0,589,298,-,0,0,0,0,
101,Teste 12,1664,17,17,349,254,"5,13","5,29",0,0,589,298,1,0,0,0,0,
102,Teste 12,1680,17,17,337,277,"5,12","5,36",0,0,589,298,1,0,0,0,0,
103,Teste 12,1697,17,17,336,254,"5,12","5,41",0,0,589,298,1,0,0,0,0,
104,Teste 12,1713,17,17,342,273,"5,07","5,31",0,0,589,298,1,0,0,0,0,
105,Teste 12,1730,17,17,348,273,"5,09","5,29",0,0,589,298,1,0,0,0,0,
106,Teste 12,1747,17,17,346,263,"5,1","5,33",0,0,589,298,1,0,0,0,0,
107,Teste 12,1763,17,17,332,275,"5,09","5,36",0,0,589,298,1,0,0,0,0,
108,Teste 12,1780,17,17,349,284,"5,13","5,36",0,0,589,298,-,0,0,0,0,
109,Teste 12,1797,17,17,343,280,"5,17","5,34",0,0,589,298,-,0,0,0,0,
110,Teste 12,1813,17,17,343,282,"5,17","5,36",0,0,589,298,-,0,0,0,0,
111,Teste 12,1830,17,17,348,276,"5,13","5,37",0,0,589,298,1,0,0,0,0,
112,Teste 12,1846,17,17,349,260,"5,13","5,41",0,0,589,298,1,0,0,0,0,
113,Teste 12,1863,17,17,345,257,"5,15","5,36",0,0,589,298,1,0,0,0,0,
114,Teste 12,1880,17,17,341,275,"5,13","5,39",0,0,589,298,1,0,0,0,0,
115,Teste 12,1896,17,17,341,273,"5,12","5,42",0,0,589,298,1,0,0,0,0,
116,Teste 12,1913,17,17,349,256,"5,13","5,39",0,0,589,298,1,0,0,0,0,
117,Teste 12,1930,17,17,356,240,"5,12","5,36",0,0,589,298,1,0,0,0,0,
118,Teste 12,1946,17,17,356,267,"5,18","5,41",0,0,589,298,1,0,0,0,0,
119,Teste 12,1963,17,17,346,267,"5,15","5,41",0,0,589,298,1,0,0,0,0,
120,Teste 12,1980,17,17,340,275,"5,15","5,41",0,0,589,298,1,0,0,0,0,
121,Teste 12,1996,17,17,340,280,"5,18","5,39",0,0,589,298,-,0,0,0,0,
122,Teste 12,2013,17,17,343,259,"5,18","5,41",0,0,589,298,1,0,0,0,0,
123,Teste 12,2029,17,17,343,269,"5,21","5,45",0,0,589,298,1,0,0,0,0,
124,Teste 12,2046,17,17,349,268,"5,23","5,41",0,0,589,298,1,0,0,0,0,
125,Teste 12,2063,17,17,346,268,"5,28","5,5",0,0,589,298,1,0,0,0,0,
126,Teste 12,2079,17,17,353,268,"5,29","5,45",0,0,589,298,1,0,0,0,0,
127,Teste 12,2096,17,17,357,260,"5,25","5,5",0,0,589,298,1,0,0,0,0,
128,Teste 12,2113,17,17,349,268,"5,26","5,42",0,0,589,298,1,0,0,0,0,
129,Teste 12,2129,17,17,351,282,"5,28","5,53",0,0,589,298,-,0,0,0,0,
130,Teste 12,2146,17,17,358,277,"5,25","5,49",0,0,589,298,1,0,0,0,0,
131,Teste 12,2163,17,17,339,267,"5,28","5,52",0,0,589,298,1,0,0,0,0,
132,Teste 12,2179,17,17,348,282,"5,25","5,5",0,0,589,298,-,0,0,0,0,
133,Teste 12,2196,17,17,363,256,"5,26","5,57",0,0,589,298,1,0,0,0,0,
134,Teste 12,2212,17,17,336,260,"5,26","5,52",0,0,589,298,1,0,0,0,0,
135,Teste 12,2229,17,17,350,258,"5,29","5,5",0,0,589,298,1,0,0,0,0,
136,Teste 12,2246,17,17,340,264,"5,28","5,5",0,0,589,298,1,0,0,0,0,
137,Teste 12,2262,17,17,350,284,"5,36","5,5",0,0,589,298,-,0,0,0,0,
138,Teste 12,2279,17,17,351,267,"5,34","5,52",0,0,589,298,1,0,0,0,0,
139,Teste 12,2296,17,17,354,267,"5,29","5,5",0,0,589,298,1,0,0,0,0,
140,Teste 12,2312,17,17,354,260,"5,34","5,57",0,0,589,298,1,0,0,0,0,
141,Teste 12,2329,17,17,358,267,"5,29","5,52",0,0,589,298,1,0,0,0,0,
142,Teste 12,2346,17,17,354,276,"5,33","5,55",0,0,589,298,1,0,0,0,0,
143,Teste 12,2362,17,17,365,263,"5,36","5,58",0,0,589,298,1,0,0,0,0,
144,Teste 12,2379,17,17,344,273,"5,31","5,57",0,0,589,298,1,0,0,0,0,
145,Teste 12,2395,17,17,339,283,"5,36","5,61",0,0,589,298,-,0,0,0,0,
146,Teste 12,2412,17,17,356,270,"5,33","5,61",0,0,589,298,1,0,0,0,0,
147,Teste 12,2429,17,17,351,271,"5,39","5,58",0,0,589,298,1,0,0,0,0,
148,Teste 12,2445,17,17,347,280,"5,41","5,61",0,0,589,298,-,0,0,0,0,
149,Teste 12,2462,17,17,336,278,"5,37","5,63",0,0,589,298,-,0,0,0,0,
150,Teste 12,2479,17,17,349,280,"5,37","5,6",0,0,589,298,-,0,0,0,0,
151,Teste 12,2495,17,17,354,285,"5,41","5,66",0,0,589,298,-,0,0,0,0,
152,Teste 12,2512,17,17,361,292,"5,44","5,68",0,0,589,298,-,0,0,0,0,
153,Teste 12,2529,17,17,357,280,"5,44","5,63",0,0,589,298,-,0,0,0,0,
154,Teste 12,2545,17,17,362,263,"5,39","5,65",0,0,589,298,1,0,0,0,0,
155,Teste 12,2562,17,17,356,275,"5,41","5,66",0,0,589,298,1,0,0,0,0,
156,Teste 12,2578,17,17,353,289,"5,42","5,65",0,0,589,298,-,0,0,0,0,
157,Teste 12,2595,17,17,361,250,"5,37","5,65",0,0,589,298,1,0,0,0,0,
158,Teste 12,2612,17,17,352,267,"5,47","5,66",0,0,589,298,1,0,0,0,0,
159,Teste 12,2628,17,17,362,273,"5,47","5,65",0,0,589,298,1,0,0,0,0,
160,Teste 12,2645,17,17,341,268,"5,45","5,68",0,0,589,298,1,0,0,0,0,
161,Teste 12,2662,17,17,356,261,"5,44","5,65",0,0,589,298,1,0,0,0,0,
162,Teste 12,2678,17,17,353,268,"5,42","5,66",0,0,589,298,1,0,0,0,0,
163,Teste 12,2695,17,17,338,270,"5,39","5,69",0,0,589,298,1,0,0,0,0,
164,Teste 12,2712,17,17,341,272,"5,41","5,65",0,0,589,298,1,0,0,0,0,
165,Teste 12,2728,17,17,369,285,"5,47","5,68",0,0,589,298,2,0,0,0,0,
166,Teste 12,2745,17,17,375,266,"5,47","5,65",0,0,589,298,1,0,0,0,0,
167,Teste 12,2761,17,17,383,265,"5,45","5,68",0,0,589,298,1,0,0,0,0,
168,Teste 12,2778,17,17,384,263,"5,53","5,65",0,0,589,298,1,0,0,0,0,
169,Teste 12,2795,17,17,374,295,"5,53","5,66",0,0,589,298,2,0,0,0,0,
170,Teste 12,2811,17,17,369,258,"5,45","5,69",0,0,589,298,1,0,0,0,0,
171,Teste 12,2828,17,17,372,253,"5,44","5,68",0,0,589,298,1,0,0,0,0,
172,Teste 12,2845,17,17,371,257,"5,52","5,68",0,0,589,298,1,0,0,0,0,
173,Teste 12,2861,17,17,367,269,"5,52","5,66",0,0,589,298,1,0,0,0,0,
174,Teste 12,2878,17,17,382,270,"5,49","5,66",0,0,589,298,1,0,0,0,0,
175,Teste 12,2894,17,17,372,269,"5,5","5,68",0,0,589,298,1,0,0,0,0,
176,Teste 12,2911,17,17,384,251,"5,44","5,69",0,0,589,298,1,0,0,0,0,
177,Teste 12,2928,17,17,383,264,"5,5","5,71",0,0,589,298,1,0,0,0,0,
178,Teste 12,2944,17,17,393,266,"5,55","5,69",0,0,589,298,1,0,0,0,0,
179,Teste 12,2961,17,17,370,267,"5,49","5,71",0,0,589,298,1,0,0,0,0,
180,Teste 12,2978,17,17,370,268,"5,5","5,66",0,0,589,298,1,0,0,0,0,
181,Teste 12,2994,17,17,371,286,"5,57","5,68",0,0,589,298,2,0,0,0,0,