Time (ms),Timegap (ms),Gaze X,Gaze Y,AOI
0,0,272,898,0
17,17,281,926,0
33,17,272,961,0
50,17,330,933,0
67,17,278,903,0
83,17,280,923,0
100,17,273,888,0
116,17,278,909,0
133,17,277,919,0
150,17,268,928,0
166,17,275,915,0
183,17,246,507,3
200,17,284,903,0
216,17,281,902,0
233,17,274,957,0
250,17,314,1031,0
266,17,281,930,0
283,17,293,1014,0
299,17,281,919,0
316,17,281,917,0
333,17,297,922,0
349,17,286,909,0
366,17,281,922,0
383,17,301,924,0
399,17,234,954,0
416,17,277,958,0
433,17,274,936,0
449,17,289,909,0
466,17,315,532,3
482,17,282,916,0
499,17,308,1026,0
516,17,481,1015,0
532,17,456,933,0
549,17,523,901,0
566,17,403,882,0
582,17,526,902,0
599,17,466,1014,0
615,17,511,913,0
632,17,508,975,0
649,17,515,1044,0
665,17,519,895,0
682,17,517,808,0
699,17,517,938,0
715,17,438,1069,0
732,17,522,906,0
749,17,453,942,0
765,17,463,918,0
782,17,329,913,0
798,17,404,922,0
815,17,335,920,0
832,17,462,904,0
848,17,336,972,0
865,17,465,832,0
882,17,466,787,0
898,17,399,996,0
915,17,331,906,0
932,17,384,1041,0
948,17,449,1022,0
965,17,363,991,0
981,17,417,991,0
998,17,465,1000,0
1015,17,463,887,0
1031,17,467,878,0
1048,17,441,1052,0
1065,17,336,1061,0
1081,17,447,765,3
1098,17,428,683,3
1115,17,423,1013,0
1131,17,213,987,0
1148,17,429,955,0
1181,33,509,765,3
1198,17,368,742,3
1214,17,452,540,3
1231,17,486,464,3
1248,17,499,317,4
1264,17,499,285,0
1281,17,482,322,4
1298,17,496,343,4
1314,17,480,374,2
1331,17,495,370,2
1347,17,503,373,2
1364,17,483,358,4
1381,17,495,355,4
1397,17,518,343,4
1414,17,518,337,4
1431,17,523,345,4
1447,17,528,338,4
1464,17,524,334,4
1481,17,528,348,4
1497,17,520,343,4
1514,17,532,325,4
1530,17,531,332,4
1547,17,525,352,4
1564,17,545,338,4
1580,17,569,328,4
1597,17,567,327,4
1614,17,564,329,4
1630,17,563,324,4
1647,17,553,346,4
1664,17,564,343,4
1680,17,564,319,4
1697,17,571,315,4
1713,17,562,339,4
1730,17,573,351,4
1747,17,565,344,4
1763,17,598,333,4
1780,17,636,311,0
1797,17,628,294,0
1813,17,635,287,0
1830,17,623,346,0
1846,17,627,329,0
1863,17,626,314,0
1880,17,634,318,0
1896,17,629,311,0
1913,17,624,332,0
1930,17,623,326,0
1946,17,620,309,0
1963,17,618,341,0
1980,17,625,306,0
1996,17,625,305,0
2013,17,625,309,0
2029,17,625,302,0
2046,17,624,327,0
2063,17,632,322,0
2079,17,632,312,0
2096,17,619,325,0
2113,17,634,273,0
2129,17,633,309,0
2146,17,629,326,0
2163,17,627,322,0
2179,17,637,308,0
2196,17,631,307,0
2212,17,621,310,0
2229,17,627,319,0
2246,17,631,335,0
2262,17,581,314,4
2279,17,557,311,4
2296,17,554,302,4
2312,17,554,299,4
2329,17,544,332,4
2346,17,540,291,4
2362,17,552,311,4
2379,17,552,307,4
2395,17,551,311,4
2412,17,557,312,4
2429,17,544,320,4
2445,17,530,354,4
2462,17,541,310,4
2479,17,551,306,4
2495,17,547,325,4
2512,17,557,312,4
2529,17,536,292,4
2545,17,551,291,4
2562,17,537,293,4
2578,17,540,318,4
2595,17,543,334,4
2612,17,541,313,4
2628,17,539,283,0
2662,33,529,326,4
2678,17,534,295,4
2695,17,535,308,4
2712,17,541,300,4
2728,17,539,319,4
2745,17,527,327,4
2761,17,541,333,4
2778,17,546,333,4
2795,17,542,308,4
2811,17,541,327,4
2828,17,537,326,4
2845,17,541,328,4
2861,17,532,327,4
2878,17,521,290,4
2894,17,530,309,4
2911,17,532,296,4
2928,17,535,318,4
2944,17,530,326,4
2961,17,534,340,4
2978,17,550,319,4
2994,17,546,323,4
3011,17,540,358,4
3028,17,546,353,4
3044,17,532,338,4
3061,17,533,341,4
3077,17,538,330,4
3094,17,544,323,4
3111,17,553,348,4
3127,17,537,314,4
3144,17,558,335,4
3161,17,552,303,4
3177,17,547,300,4
3194,17,540,303,4
3211,17,547,316,4
3227,17,536,331,4
3244,17,536,349,4
3260,17,539,333,4
3277,17,540,333,4
3294,17,537,304,4
3310,17,549,336,4
3327,17,530,342,4
3344,17,512,349,4
3360,17,513,347,4
3377,17,503,311,4
3394,17,506,361,4
3410,17,504,344,4
3427,17,502,353,4
3443,17,511,346,4
3460,17,504,379,2
3477,17,507,329,4
3493,17,505,373,2
3510,17,505,345,4
3527,17,521,421,5
3543,17,520,404,2
3560,17,512,399,2
3577,17,515,405,2
3593,17,514,417,5
3610,17,518,401,2
3626,17,515,395,2
3643,17,513,399,2
3660,17,514,395,2
3676,17,513,400,2
3693,17,505,398,2
3710,17,514,429,3
3726,17,512,391,2
3743,17,515,433,3
3760,17,509,433,3
3776,17,513,441,3
3793,17,515,412,2
3809,17,517,442,3
3826,17,519,435,3
3843,17,515,425,3
3859,17,509,426,3
3876,17,511,427,3
3893,17,519,401,2
3909,17,548,442,3
3926,17,616,483,3
3943,17,678,493,3
3959,17,666,501,3
3976,17,674,495,3
3992,17,667,483,3
4009,17,673,511,3
4026,17,677,511,3
4042,17,662,512,3
4059,17,671,504,3
4076,17,651,509,3
4092,17,669,511,3
4109,17,667,503,3
4125,17,669,516,3
4142,17,662,505,3
4159,17,647,497,3
4175,17,666,506,3
4192,17,658,482,3
4209,17,656,512,3
4225,17,653,494,3
4242,17,656,501,3
4259,17,651,509,3
4275,17,660,515,3
4292,17,657,506,3
4308,17,657,508,3
4325,17,661,511,3
4342,17,664,506,3
4358,17,668,526,3
4375,17,649,520,3
4392,17,586,368,2
4408,17,538,289,4
4425,17,528,354,4
4442,17,528,345,4
4458,17,527,344,4
4475,17,529,348,4
4491,17,526,323,4
4508,17,529,308,4
4525,17,520,329,4
4541,17,528,337,4
4558,17,524,349,4
4575,17,527,330,4
4591,17,530,340,4
4608,17,527,346,4
4625,17,522,322,4
4641,17,464,744,3
4791,150,454,705,3
4824,33,458,693,3
4857,33,462,547,3
4874,17,475,495,3
4891,17,470,523,3
4907,17,503,447,3
4924,17,505,398,2
4941,17,485,355,4
4957,17,497,329,4
4974,17,504,234,1
4991,17,505,334,4
5007,17,499,296,4
5024,17,483,336,4
5040,17,498,293,4
5057,17,488,331,4
5074,17,487,315,4
5090,17,503,332,4
5107,17,479,311,4
5124,17,499,287,0
5140,17,506,331,4
5157,17,498,306,4
5174,17,485,278,0
5190,17,487,275,0
5207,17,502,275,0
5223,17,498,291,4
5240,17,509,286,0
5257,17,561,327,4
5273,17,545,301,4
5290,17,545,275,0
5307,17,534,323,4
5323,17,543,319,4
5340,17,550,334,4
5356,17,539,334,4
5373,17,548,292,4
5390,17,558,246,1
5406,17,552,302,4
5423,17,543,295,4
5440,17,546,286,0
5456,17,549,304,4
5473,17,543,282,0
5490,17,534,274,0
5506,17,540,270,0
5523,17,538,256,1
5539,17,525,310,4
5556,17,533,291,4
5573,17,545,273,0
5589,17,544,279,0
5606,17,535,301,4
5623,17,538,335,4
5639,17,532,259,1
5656,17,514,311,4
5673,17,470,318,4
5689,17,480,308,4
5706,17,476,333,4
5722,17,341,517,3
5739,17,474,305,4
5756,17,464,320,4
5772,17,463,366,2
5789,17,479,350,4
5806,17,492,337,4
5839,33,490,317,4
5856,17,494,373,2
5872,17,490,390,2
5889,17,482,379,2
5905,17,484,357,4
5939,33,464,385,2
5972,33,484,319,4
5989,17,484,304,4
6022,33,469,333,4
6039,17,468,341,4
6055,17,488,325,4
6072,17,377,477,3
6088,17,476,367,2
6105,17,475,311,4
6122,17,486,331,4
6138,17,481,322,4
6155,17,484,376,2
6172,17,471,322,4
6188,17,483,344,4
6205,17,486,350,4
6222,17,483,336,4
6238,17,479,343,4
6255,17,482,311,4
6271,17,487,376,2
6288,17,477,353,4
6305,17,495,345,4
6321,17,505,330,4
6338,17,511,364,4
6355,17,511,347,4
6371,17,494,339,4
6388,17,499,370,2
6404,17,525,382,2
6421,17,516,374,2
6438,17,476,511,3
6454,17,502,354,4
6471,17,508,346,4
6488,17,510,322,4
6504,17,519,368,2
6521,17,517,391,2
6538,17,516,356,4
6554,17,513,356,4
6571,17,521,368,2
6587,17,523,339,4
6604,17,516,363,4
6621,17,523,319,4
6637,17,521,389,2
6654,17,511,395,2
6671,17,514,365,2
6687,17,511,356,4
6704,17,518,346,4
6721,17,513,368,2
6737,17,516,337,4
6754,17,514,348,4
6770,17,525,333,4
6787,17,523,339,4
6804,17,520,329,4
6820,17,521,314,4
6837,17,532,280,0
6854,17,517,337,4
6870,17,526,291,4
6887,17,526,335,4
6904,17,519,358,4
6920,17,517,336,4
6937,17,527,319,4
6970,0,525,359,4
6970,33,525,359,4
6987,17,530,327,4
7003,17,430,420,3
7020,17,511,342,4
7037,17,522,332,4
7053,17,520,310,4
7070,17,516,359,4
7087,17,523,331,4
7103,17,521,357,4
7120,17,530,314,4
7136,17,521,292,4
7153,17,523,331,4
7170,17,522,332,4
7186,17,521,326,4
7203,17,518,341,4
7220,17,518,316,4
7236,17,517,327,4
7253,17,515,367,2
7270,17,516,341,4
7286,17,507,361,4
7303,17,520,365,2
7319,17,500,381,2
7336,17,494,387,2
7353,17,467,390,2
7369,17,471,354,4
7386,17,445,389,2
7403,17,480,412,2
7419,17,462,388,2
7436,17,474,371,2
7453,17,478,349,4
7469,17,482,315,4
7486,17,480,351,4
7502,17,482,396,2
7519,17,481,389,2
7536,17,477,374,2
7552,17,476,369,2
7569,17,485,351,4
7586,17,466,387,2
7602,17,472,392,2
7635,33,468,389,2
7652,17,470,392,2
7669,17,469,403,2
7685,17,468,377,2
7702,17,468,361,4
7719,17,469,361,4
7735,17,472,364,4
7752,17,480,342,4
7769,17,475,357,4
7785,17,482,363,4
7802,17,480,356,4
7818,17,518,378,2
7835,17,517,396,2
7852,17,529,460,3
7868,17,533,386,2
7885,17,535,373,2
7902,17,538,368,2
7918,17,533,391,2
7935,17,529,371,2
7952,17,539,386,2
7968,17,534,385,2
7985,17,530,385,2
8001,17,529,374,2
8018,17,530,380,2
8035,17,526,406,2
8051,17,528,415,2
8068,17,529,411,2
8085,17,531,368,2
8101,17,527,389,2
8118,17,531,395,2
8135,17,469,419,3
8151,17,404,390,2
8168,17,418,399,2
8184,17,424,405,2
8201,17,430,393,2
8218,17,420,461,3
8234,17,429,399,2
8251,17,432,393,2
8268,17,441,394,2
8284,17,438,392,2
8301,17,428,382,2
8318,17,423,413,2
8334,17,429,392,2
8351,17,425,401,2
8367,17,405,407,2
8384,17,421,420,3
8401,17,430,396,2
8417,17,435,381,2
8434,17,436,391,2
8451,17,440,369,2
8467,17,428,391,2
8484,17,437,395,2
8501,17,438,391,2
8517,17,440,387,2
8534,17,426,370,2
8550,17,442,380,2
8567,17,438,401,2
8584,17,438,381,2
8600,17,428,398,2
8617,17,427,406,2
8634,17,439,386,2
8650,17,429,376,2
8667,17,425,391,2
8683,17,455,351,4
8700,17,473,371,2
8717,17,487,359,4
8733,17,500,344,4
8750,17,501,355,4
8767,17,498,352,4
8783,17,481,350,4
8800,17,491,366,2
8817,17,492,340,4
8833,17,497,332,4
8850,17,494,363,4
8866,17,499,358,4
8883,17,505,355,4
8900,17,503,367,2
8916,17,506,367,2
8933,17,505,351,4
8950,17,491,363,4
8966,17,502,350,4
8983,17,505,347,4
9000,17,498,379,2
9016,17,515,352,4
9099,83,488,350,4
9149,50,490,342,4
9199,50,486,339,4
9216,17,479,369,2
9249,0,371,393,2
9249,33,371,393,2
9266,17,382,440,3
9282,17,374,447,3
9299,17,373,428,3
9316,17,373,428,3
9332,17,367,590,3
9349,17,369,510,3
9366,17,373,432,3
9382,17,338,802,0
9399,17,372,420,3
9415,17,369,399,2
9432,17,374,396,2
9499,67,1005,750,3
9615,116,362,375,2
9632,17,356,363,0
9732,100,366,369,2
9748,17,380,369,2
9765,17,374,401,2
9781,17,372,434,3
9815,33,372,375,2
9831,17,376,367,2
9848,17,373,372,2
9865,17,369,370,2
9881,17,372,372,2
9898,17,374,366,2
9914,17,386,409,2
9931,17,378,296,0
9948,17,364,456,3
9964,17,389,505,3
9981,17,445,516,3
9998,17,532,507,3
10014,17,573,422,3
10031,17,548,418,5
10048,17,584,370,2
10064,17,592,312,4
10081,17,565,349,4
10097,17,563,384,2
10114,17,555,389,2
10131,17,561,371,2
10147,17,569,356,4
10164,17,573,351,4
10181,17,557,343,4
10197,17,570,377,2
10214,17,560,368,2
10231,17,555,356,4
10247,17,557,361,4
10264,17,563,376,2
10280,17,563,300,4
10297,17,560,385,2
10314,17,567,314,4
10330,17,574,344,4
10347,17,577,284,0
10364,17,527,355,4
10380,17,522,385,2
10397,17,525,402,2
10414,17,447,399,2
10430,17,522,380,2
10447,17,519,396,2
10463,17,523,331,4
10480,17,521,351,4
10497,17,526,348,4
10513,17,529,345,4
10547,33,522,373,2
10613,67,518,371,2
10630,17,524,326,4
10663,33,529,368,2
10680,17,526,352,4
10696,17,520,378,2
10713,17,529,340,4
10730,17,555,269,0
10746,17,549,296,4
10763,17,558,262,0
10780,17,558,325,4
10796,17,572,313,4
10813,17,550,298,4
10829,17,540,278,0
10846,17,538,313,4
10863,17,562,317,4
10929,0,545,265,0
10929,67,545,265,0
10946,17,533,308,4
10962,17,542,294,4
10979,17,530,326,4
10996,17,538,286,0
11012,17,548,316,4
11029,17,537,276,0
11046,17,530,342,4
11062,17,537,361,4
11096,33,529,360,4
11112,17,525,346,4
11145,33,521,389,2
11162,17,525,403,2
11179,17,532,383,2
11195,17,520,375,2
11212,17,530,369,2
11229,17,513,366,2
11245,17,534,303,4
11262,17,555,284,0
11279,17,552,301,4
11295,17,545,330,4
11312,17,546,343,4
11328,17,536,306,4
11345,17,544,293,4
11362,17,539,312,4
11378,17,504,318,4
11395,17,494,305,4
11412,17,494,291,4
11428,17,486,308,4
11445,17,498,279,0
11462,17,504,262,0
11478,17,503,238,1
11495,17,512,266,0
11511,17,489,239,1
11528,17,508,244,1
11545,17,503,270,0
11561,17,500,263,0
11578,17,524,287,0
11595,17,520,337,4
11611,17,528,313,4
11628,17,527,283,0
11645,17,529,169,1
11661,17,511,348,4
11678,17,523,334,4
11694,17,519,330,4
11711,17,526,334,4
11728,17,532,303,4
11744,17,525,338,4
11761,17,528,266,0
11778,17,558,153,1
11794,17,580,121,0
11811,17,565,134,1
11828,17,568,127,0
11844,17,556,161,1
11861,17,560,182,1
11877,17,569,189,1
11894,17,564,190,1
11911,17,560,185,1
11927,17,562,153,1
11944,17,584,91,0
11961,17,577,106,0
11977,17,570,148,1
11994,17,562,131,0
12011,17,571,166,1
12027,17,583,159,1
12044,17,576,108,0
12060,17,575,167,1
12077,17,571,166,1
12094,17,573,190,1
12110,17,562,186,1
12127,17,574,158,1
12144,17,547,201,1
12160,17,555,213,1
12177,17,564,223,1
12193,17,546,201,1
12210,17,543,238,1
12227,17,552,243,1
12243,17,547,251,1
12260,17,544,244,1
12277,17,548,250,1
12293,17,552,232,1
12310,17,540,367,2
12327,17,547,266,0
12343,17,541,289,4
12360,17,536,343,4
12376,17,545,252,1
12393,17,543,257,1
12410,17,533,314,4
12426,17,530,278,0
12443,17,534,296,4
12460,17,530,341,4
12476,17,529,293,4
12493,17,519,372,2
12510,17,534,345,4
12526,17,527,322,4
12543,17,523,328,4
12559,17,517,373,2
12576,17,514,375,2
12593,17,517,294,4
12609,17,540,307,4
12626,17,530,313,4
12643,17,525,369,2
12659,17,521,324,4
12676,17,521,351,4
12693,17,521,361,4
12709,17,515,385,2
12726,17,520,358,4
12742,17,502,436,3
12759,17,505,359,4
12776,17,497,441,3
12792,17,503,445,3
12809,17,509,352,4
12826,17,505,422,3
12842,17,525,361,4
12859,17,524,386,2
12876,17,514,411,2
12892,17,519,340,4
12909,17,528,370,2
12925,17,518,364,4
12942,17,520,344,4
12959,17,523,312,4
12975,17,519,329,4
12992,17,520,358,4
13009,17,510,330,4
13025,17,519,367,2
13042,17,529,365,2
13059,17,531,303,4
13075,17,563,276,0
13092,17,593,244,1
13108,17,619,172,1
13125,17,612,161,1
13142,17,618,157,1
13158,17,622,103,0
13175,17,618,128,0
13192,17,621,111,0
13208,17,608,100,0
13225,17,625,55,0
13241,17,625,63,0
13258,17,622,50,0
13275,17,626,56,0
13291,17,639,65,0
13308,17,614,74,0
13325,17,612,54,0
13341,17,633,46,0
13358,17,622,92,0
13375,17,603,112,0
13391,17,564,65,0
13408,17,541,123,0
13424,17,557,124,0
13441,17,550,105,0
13458,17,546,107,0
13474,17,542,214,1
13491,17,538,212,1
13508,17,537,202,1
13524,17,537,219,1
13541,17,542,212,1
13558,17,527,215,1
13574,17,550,215,1
13591,17,544,202,1
13607,17,551,211,1
13624,17,538,235,1
13641,17,535,211,1
13657,17,535,212,1
13691,33,555,224,1
13707,17,531,223,1
13724,17,512,215,1
13741,17,521,204,1
13757,17,528,206,1
13774,17,518,310,4
13790,17,519,240,1
13807,17,523,252,1
13824,17,530,220,1
13840,17,519,219,1
13857,17,518,235,1
13874,17,524,195,1
13890,17,536,297,4
13907,17,531,404,2
13924,17,532,410,2
13940,17,525,439,3
13957,17,533,406,2
13973,17,531,377,2
13990,17,528,401,2
14007,17,536,374,2
14023,17,535,326,4
14040,17,546,264,0
14057,17,539,297,4
14073,17,544,213,1
14090,17,540,300,4
14107,17,532,256,1
14123,17,534,244,1
14140,17,537,365,2
14156,17,538,258,1
14173,17,525,404,2
14190,17,532,380,2
14206,17,525,391,2
14223,17,525,404,2
14240,17,522,393,2
14256,17,521,371,2
14273,17,518,380,2
14290,17,521,385,2
14306,17,519,401,2
14323,17,517,393,2
14356,0,519,375,2
14356,33,519,375,2
14373,17,517,401,2
14389,17,520,399,2
14406,17,523,408,2
14423,17,513,397,2
14439,17,515,348,4
14456,17,507,403,2
14922,466,532,365,2
14938,17,530,263,0
14955,17,519,386,2
14972,17,521,336,4
14988,17,520,370,2
15005,17,518,361,4
15021,17,527,346,4
15038,17,523,358,4
15055,17,527,355,4
15071,17,524,342,4
15088,17,528,370,2
15105,17,520,364,4
15121,17,522,360,4
15138,17,524,370,2
15155,17,524,384,2
15171,17,520,381,2
15188,17,519,398,2
15204,17,524,399,2
15221,17,518,391,2
15238,17,521,365,2
15254,17,526,386,2
15271,17,532,349,4
15288,17,530,365,2
15321,33,527,341,4
15338,17,530,337,4
15354,17,509,368,2
15371,17,526,355,4
15387,17,535,309,4
15404,17,522,322,4
15421,17,543,389,2
15437,17,536,422,3
15454,17,517,430,3
15471,17,534,445,3
15487,17,536,436,3
15504,17,533,418,5
15521,17,532,422,3
15537,17,528,439,3
15554,17,537,439,3
15570,17,534,444,3
15587,17,530,448,3
15604,17,530,449,3
15620,17,527,447,3
15637,17,531,452,3
15654,17,518,418,5
15670,17,536,436,3
15687,17,535,435,3
15703,17,523,439,3
15720,17,527,442,3
15737,17,523,423,3
15753,17,524,442,3
15770,17,495,453,3
15787,17,510,446,3
15803,17,513,458,3
15820,17,513,454,3
15837,17,514,439,3
15853,17,518,448,3
15870,17,518,452,3
15886,17,514,450,3
15903,17,516,455,3
15920,17,521,450,3
15936,17,517,467,3
15953,17,520,461,3
15970,17,519,432,3
15986,17,513,448,3
16003,17,500,449,3
16020,17,516,461,3
16036,17,524,445,3
16053,17,541,301,4
16069,17,485,345,4
16086,17,530,308,4
16103,17,533,300,4
16119,17,535,260,0
16136,17,517,285,0
16153,17,519,329,4
16169,17,521,286,0
16186,17,517,307,4
16203,17,523,288,4
16219,17,528,287,0
16236,17,519,292,4
16252,17,508,325,4
16269,17,517,276,0
16286,17,527,263,0
16302,17,521,259,1
16319,17,522,267,0
16336,17,522,277,0
16352,17,501,309,4
16369,17,501,287,0
16386,17,502,265,0
16402,17,517,317,4
16419,17,511,285,0
16435,17,511,255,1
16452,17,512,290,4
16469,17,515,273,0
16485,17,517,260,0
16502,17,511,286,0
16519,17,515,291,4
16535,17,504,311,4
16552,17,510,289,4
16569,17,499,292,4
16585,17,510,289,4
16602,17,521,265,0
16618,17,513,292,4
16635,17,517,223,1
16652,17,513,226,1
16685,33,515,296,4
16702,17,537,341,4
16718,17,547,428,3
16751,33,517,609,3
16768,17,530,673,3
16785,17,540,691,3
16818,33,544,663,3
16835,17,539,666,3
16851,17,552,633,3
16868,17,539,655,3
16901,33,553,616,3
16918,17,547,621,3
16934,17,542,647,3
16968,33,532,621,3
17018,50,534,601,3
17051,33,489,723,3
17350,299,17,757,3
17434,83,33,742,3
17467,33,26,751,3
17500,33,35,551,3
17567,67,9,749,3
17617,50,113,732,3
17849,233,510,267,0
17883,33,512,597,3
17899,17,511,517,3
17916,17,531,432,3
17933,17,525,374,2
17949,17,530,321,4
17966,17,533,288,4
17982,17,518,306,4
17999,17,528,273,0
18016,17,533,255,1
18032,17,521,303,4
18049,17,525,270,0
18066,17,528,229,1
18082,17,524,238,1
18099,17,522,271,0
18116,17,528,382,2
18132,17,527,380,2
18149,17,528,361,4
18165,17,526,367,2
18182,17,525,374,2
18199,17,526,351,4
18215,17,520,359,4
18232,17,526,354,4
18249,17,525,357,4
18265,17,529,357,4
18282,17,526,365,2
18299,17,526,350,4
18315,17,531,355,4
18332,17,524,353,4
18348,17,527,362,4
18365,17,521,362,4
18382,17,525,354,4
18398,17,527,343,4
18415,17,523,348,4
18432,17,524,361,4
18448,17,522,371,2
18465,17,400,497,3
18482,17,247,509,3
18498,17,65,554,3
18581,83,16,661,3
18598,17,8,655,3
18615,17,10,663,3
18631,17,18,609,3
18681,50,26,617,3
18714,33,51,680,3
18731,17,61,605,3
18798,67,34,618,3
18814,17,27,613,3
18831,17,12,535,3
18864,33,16,641,3
18897,33,11,612,3
18914,17,17,627,3
18931,17,74,560,3
18947,17,244,461,3
18964,17,319,443,3
18981,17,502,332,4
18997,17,508,274,0
19014,17,515,228,1
19030,17,486,274,0
19047,17,506,289,4
19064,17,503,323,4
19080,17,508,281,0
19097,17,494,279,0
19114,17,506,368,2
19130,17,501,288,4
19147,17,499,364,4
19164,17,502,373,2
19180,17,509,221,1
19197,17,509,271,0
19213,17,512,243,1
19230,17,516,219,1
19247,17,510,302,4
19263,17,513,287,0
19280,17,506,306,4
19297,17,518,195,1
19313,17,504,325,4
19330,17,520,306,4
19347,17,509,326,4
19380,0,508,337,4
19380,33,508,337,4
19396,17,509,338,4
19430,0,507,344,4
19430,33,507,344,4
19446,17,505,395,2
19463,17,501,374,2
19480,17,500,383,2
19496,17,503,372,2
19513,17,498,383,2
19530,17,497,377,2
19546,17,496,410,2
19563,17,494,396,2
19579,17,498,397,2
19596,17,496,377,2
19613,17,497,392,2
19629,17,497,381,2
19646,17,512,412,2
19663,17,531,429,3
19679,17,530,424,3
19696,17,530,426,3
19713,17,531,419,5
19729,17,533,434,3
19746,17,532,439,3
19762,17,533,419,5
19779,17,527,433,3
19796,17,530,429,3
19812,17,535,445,3
19829,17,536,429,3
19846,17,529,437,3
19862,17,531,419,5
19879,17,507,474,3
19896,17,380,672,3
19912,17,227,830,0
19929,17,180,801,0
19945,17,165,841,0
19962,17,183,848,0
19979,17,175,849,0
19995,17,174,853,0
20012,17,160,855,0
20029,17,175,844,0
20045,17,174,846,0
20062,17,177,863,0
20079,17,171,867,0
20095,17,170,867,0
20112,17,63,739,3
20128,17,43,726,3
20145,17,30,705,3
20162,17,119,827,0
20178,17,25,705,3
20195,17,25,687,3
20212,17,59,808,0
20228,17,28,687,3
20245,17,24,709,3
20261,17,28,685,3
20278,17,27,693,3
20295,17,17,695,3
20311,17,20,695,3
20328,17,28,681,3
20345,17,8,690,3
20378,33,7,672,3
20411,33,7,669,3
20461,50,2,663,3
20511,50,6,669,3
20544,33,9,686,3
20611,67,7,704,3
20627,17,12,668,3
20644,17,17,652,3
20661,17,8,657,3
20677,17,14,629,3
20694,17,8,659,3
20711,17,185,738,3
20727,17,21,674,3
20744,17,10,643,3
20761,17,124,768,0
20777,17,4,647,3
20794,17,5,666,3
20827,33,12,540,3
20844,17,53,517,3
20860,17,65,510,3
20877,17,56,491,3
20894,17,55,459,3
20910,17,98,416,3
20927,17,153,386,0
20944,17,147,426,3
20960,17,141,447,3
20977,17,110,423,3
20993,17,114,430,3
21010,17,101,408,0
21027,17,131,416,3
21043,17,118,418,3
21060,17,133,390,0
21077,17,126,426,3
21093,17,141,358,0
21110,17,277,348,0
21127,17,413,314,0
21143,17,510,289,4
21160,17,483,278,0
21176,17,492,265,0
21193,17,496,276,0
21210,17,490,252,1
21226,17,498,271,0
21243,17,498,291,4
21260,17,505,290,4
21276,17,497,272,0
21293,17,486,262,0
21309,17,494,273,0
21326,17,494,242,1
21343,17,491,284,0
21359,17,496,242,1
21376,17,499,276,0
21393,17,492,271,0
21409,17,489,273,0
21426,17,494,268,0
21443,17,504,330,4
21459,17,513,384,2
21476,17,498,386,2
21492,17,506,376,2
21509,17,503,383,2
21526,17,504,399,2
21542,17,506,371,2
21559,17,503,362,4
21576,17,505,368,2
21592,17,502,381,2
21609,17,505,355,4
21626,17,499,357,4
21642,17,507,380,2
21659,17,511,382,2
21675,17,503,394,2
21692,17,498,387,2
21709,17,507,378,2
21725,17,504,389,2
21742,17,504,359,4
21759,17,505,353,4
21775,17,507,381,2
21792,17,508,392,2
21809,17,505,388,2
21825,17,506,390,2
21842,17,504,368,2
21858,17,507,364,4
21875,17,493,347,4
21892,17,491,364,4
21908,17,492,357,4
21925,17,489,362,4
21942,17,494,362,4
21958,17,485,356,4
21975,17,491,351,4
21992,17,490,353,4
22008,17,490,343,4
22025,17,492,351,4
22041,17,485,368,2
22058,17,493,345,4
22075,17,499,354,4
22091,17,494,333,4
22108,17,493,337,4
22125,17,492,352,4
22141,17,492,339,4
22158,17,495,322,4
22175,17,491,344,4
22191,17,490,337,4
22208,17,506,356,4
22224,17,520,377,2
22241,17,516,383,2
22258,17,516,370,2
22274,17,510,344,4
22291,17,514,353,4
22308,17,516,348,4
22324,17,517,360,4
22341,17,514,346,4
22358,17,508,376,2
22374,17,511,346,4
22391,17,517,358,4
22407,17,517,316,4
22424,17,516,325,4
22441,17,518,363,4
22457,17,518,362,4
22474,17,518,354,4
22491,17,519,342,4
22507,17,520,360,4
22524,17,528,400,2
22540,17,530,380,2
22557,17,528,411,2
22574,17,524,402,2
22590,17,528,397,2
22607,17,528,400,2
22624,17,524,411,2
22640,17,525,407,2
22657,17,527,412,2
22674,17,527,406,2
22690,17,524,390,2
22707,17,527,386,2
22723,17,524,402,2
22740,17,523,398,2
22757,17,524,397,2
22773,17,528,388,2
22790,17,524,415,2
22807,17,522,364,4
22823,17,520,358,4
22840,17,519,356,4
22857,17,522,355,4
22873,17,518,369,2
22890,17,519,368,2
22906,17,522,360,4
22923,17,520,367,2
22940,17,525,379,2
22956,17,520,387,2
22973,17,519,392,2
22990,17,514,378,2
23006,17,524,360,4
23023,17,520,389,2
23040,17,518,351,4
23056,17,520,353,4
23073,17,518,380,2
23089,17,516,378,2
23106,17,514,382,2
23123,17,517,396,2
23139,17,503,378,2
23156,17,517,352,4
23173,17,519,389,2
23189,17,516,381,2
23206,17,515,391,2
23223,17,521,379,2
23239,17,519,384,2
23256,17,519,382,2
23272,17,519,382,2
23289,17,514,377,2
23306,17,513,379,2
23322,17,513,387,2
23339,17,511,353,4
23356,17,520,372,2
23372,17,515,392,2
23389,17,517,380,2
23406,17,516,375,2
23422,17,517,385,2
23439,17,519,388,2
23455,17,515,376,2
23472,17,511,437,3
23489,17,526,455,3
23505,17,522,436,3
23522,17,521,424,3
23539,17,516,445,3
23555,17,520,441,3
23572,17,523,445,3
23588,17,514,461,3
23605,17,522,430,3
23622,17,517,447,3
23638,17,510,447,3
23655,17,521,444,3
23672,17,522,444,3
23688,17,525,432,3
23705,17,526,440,3
23722,17,524,440,3
23738,17,526,435,3
23755,17,528,428,3
23771,17,522,440,3
23788,17,529,417,5
23805,17,519,451,3
23821,17,532,436,3
23838,17,529,425,3
23855,17,529,443,3
23871,17,533,431,3
23888,17,517,428,3
23905,17,528,439,3
23921,17,532,423,3
23938,17,532,448,3
23954,17,527,450,3
23971,17,532,443,3
23988,17,536,430,3
24004,17,535,440,3
24021,17,531,456,3
24038,17,525,442,3
24054,17,534,441,3
24071,17,534,453,3
24088,17,523,329,4
24104,17,512,299,4
24121,17,517,283,0
24137,17,510,276,0
24154,17,506,301,4
24171,17,503,323,4
24187,17,513,301,4
24204,17,503,304,4
24221,17,516,302,4
24237,17,512,295,4
24254,17,512,289,4
24271,17,498,305,4
24287,17,512,294,4
24304,17,512,302,4
24320,17,512,306,4
24337,17,511,312,4
24354,17,507,306,4
24370,17,506,287,0
24387,17,505,320,4
24404,17,507,322,4
24420,17,506,298,4
24437,17,520,324,4
24454,17,527,330,4
24470,17,526,310,4
24487,17,526,331,4
24503,17,525,342,4
24520,17,529,327,4
24537,17,527,332,4
24553,17,525,337,4
24570,17,527,314,4
24587,17,528,332,4
24603,17,522,323,4
24620,17,524,323,4
24637,17,527,326,4
24653,17,524,356,4
24670,17,529,326,4
24686,17,524,343,4
24703,17,528,336,4
24720,17,530,378,2
24736,17,553,421,5
24753,17,536,481,3
24770,17,536,462,3
24786,17,532,485,3
24803,17,542,473,3
24819,17,536,492,3
24836,17,541,468,3
24853,17,546,487,3
24869,17,535,485,3
24886,17,535,471,3
24903,17,531,461,3
24919,17,537,464,3
24936,17,534,505,3
24953,17,534,479,3
24969,17,535,472,3
24986,17,529,473,3
25002,17,531,448,3
25019,17,541,453,3
25036,17,544,465,3
25052,17,533,478,3
25069,17,513,469,3
25086,17,507,473,3
25102,17,509,464,3
25119,17,512,455,3
25136,17,511,462,3
25152,17,513,458,3
25169,17,516,452,3
25185,17,514,449,3
25202,17,519,441,3
25219,17,520,452,3
25235,17,509,457,3
25252,17,510,481,3
25269,17,511,453,3
25285,17,515,456,3
25302,17,511,446,3
25319,17,508,466,3
25335,17,514,453,3
25352,17,512,458,3
25368,17,512,458,3
25385,17,512,469,3
25402,17,513,491,3
25418,17,527,465,3
25435,17,536,451,3
25452,17,536,450,3
25468,17,538,448,3
25485,17,536,439,3
25502,17,537,438,3
25518,17,535,433,3
25535,17,534,434,3
25551,17,532,473,3
25568,17,532,465,3
25585,17,535,445,3
25601,17,536,449,3
25618,17,537,452,3
25635,17,534,451,3
25651,17,538,440,3
25668,17,535,448,3
25685,17,539,436,3
25701,17,536,456,3
25718,17,533,444,3
25734,17,546,451,3
25751,17,532,454,3
25768,17,534,453,3
25784,17,538,450,3
25801,17,537,441,3
25818,17,537,442,3
25834,17,533,449,3
25851,17,532,437,3
25868,17,533,460,3
25884,17,530,451,3
25901,17,532,458,3
25917,17,536,456,3
25934,17,533,438,3
25951,17,536,453,3
25967,17,536,442,3
25984,17,535,425,3
26001,17,519,385,2
26017,17,520,374,2
26034,17,518,378,2
26050,17,520,383,2
26067,17,523,381,2
26084,17,518,397,2
26100,17,521,373,2
26117,17,521,366,2
26134,17,520,384,2
26150,17,521,398,2
26167,17,520,373,2
26184,17,517,378,2
26200,17,520,367,2
26217,17,516,308,4
26233,17,506,309,4
26250,17,506,320,4
26267,17,509,314,4
26283,17,498,336,4
26300,17,505,308,4
26317,17,505,338,4
26333,17,503,320,4
26350,17,506,329,4
26367,17,509,298,4
26383,17,504,332,4
26400,17,513,280,0
26416,17,506,287,0
26433,17,505,304,4
26450,17,504,321,4
26466,17,504,302,4
26483,17,503,326,4
26500,17,521,348,4
26516,17,543,365,2
26533,17,537,388,2
26550,17,534,385,2
26566,17,544,383,2
26583,17,531,411,2
26599,17,537,383,2
26616,17,537,379,2
26633,17,536,386,2
26649,17,533,414,2
26666,17,532,393,2
26683,17,538,387,2
26699,17,538,389,2
26716,17,533,371,2
26733,17,531,359,4
26749,17,520,685,3
26882,133,474,922,0
26899,17,498,303,4
26916,17,474,692,3
26932,17,484,612,3
26949,17,498,519,3
26965,17,492,471,3
26982,17,507,445,3
26999,17,496,368,2
27015,17,507,338,4
27032,17,514,308,4
27049,17,520,257,1
27065,17,513,250,1
27082,17,517,255,1
27098,17,517,216,1
27115,17,518,218,1
27132,17,516,232,1
27148,17,511,332,4
27165,17,519,224,1
27182,17,520,216,1
27198,17,518,257,1
27215,17,512,332,4
27232,17,511,354,4
27248,17,513,346,4
27265,17,514,344,4
27281,17,512,341,4
27298,17,515,351,4
27315,17,516,353,4
27331,17,512,375,2
27348,17,510,350,4
27365,17,514,352,4
27381,17,513,362,4
27398,17,515,349,4
27415,17,512,346,4
27431,17,510,372,2
27448,17,505,357,4
27464,17,511,355,4
27481,17,513,352,4
27498,17,524,377,2
27514,17,539,431,3
27531,17,534,431,3
27548,17,540,421,5
27564,17,536,426,3
27581,17,540,413,2
27598,17,529,439,3
27614,17,531,424,3
27631,17,535,441,3
27647,17,532,441,3
27664,17,533,451,3
27681,17,534,439,3
27697,17,535,432,3
27714,17,526,427,3
27731,17,532,427,3
27747,17,532,360,4
27764,17,534,323,4
27781,17,528,298,4
27797,17,526,314,4
27814,17,527,319,4
27830,17,537,336,4
27847,17,530,343,4
27864,17,538,321,4
27880,17,531,278,0
27897,17,529,288,4
27914,17,531,285,0
27930,17,531,293,4
27947,17,530,291,4
27964,17,536,250,1
27980,17,534,252,1
27997,17,541,269,0
28013,17,540,234,1
28030,17,542,277,0
28047,17,541,238,1
28063,17,542,267,0
28080,17,533,275,0
28097,17,536,279,0
28113,17,536,253,1
28130,17,535,238,1
28147,17,536,246,1
28163,17,538,289,4
28180,17,537,239,1
28196,17,544,223,1
28246,50,543,264,0
28479,233,507,355,4
28496,17,500,479,3
28512,17,533,379,2
28529,17,520,305,4
28546,17,507,377,2
28562,17,492,432,3
28579,17,494,445,3
28862,283,546,394,2
30974,2113,530,374,2
30991,17,527,357,4
31008,17,538,304,4
31024,17,532,351,4
31074,50,552,305,4
31091,17,543,335,4
31108,17,547,350,4
31124,17,519,396,2
31141,17,555,402,2
31157,17,538,399,2
31174,17,548,419,5
31191,17,529,451,3
31207,17,589,447,3
31224,17,536,334,4
31241,17,545,353,4
31257,17,541,353,4
31274,17,542,337,4
31291,17,539,313,4
31307,17,540,357,4
31324,17,537,356,4
31340,17,536,339,4
31357,17,533,338,4
31374,17,537,343,4
31390,17,539,332,4
31407,17,542,344,4
31424,17,537,328,4
31440,17,531,346,4
31457,17,536,338,4
31474,17,547,356,4
31490,17,546,339,4
31507,17,545,351,4
31523,17,537,357,4
31540,17,513,354,4
31557,17,524,341,4
31573,17,495,510,3
31590,17,513,358,4
31607,17,522,366,2
31623,17,503,378,2
31640,17,519,365,2
31656,17,512,355,4
31673,17,523,349,4
31690,17,523,344,4
31706,17,516,370,2
31723,17,515,381,2
31740,17,512,422,3
31756,17,523,452,3
31773,17,491,587,3
31790,17,496,601,3
31806,17,507,485,3
31823,17,517,434,3
31839,17,515,491,3
31856,17,524,480,3
31873,17,523,468,3
31889,17,521,403,2
31906,17,526,410,2
31923,17,532,430,3
31939,17,530,428,3
31956,17,514,409,2
31973,17,521,422,3
31989,17,529,412,2
32006,17,518,403,2
32022,17,529,432,3
32039,17,523,425,3
32056,17,543,418,5
32072,17,576,364,4
32089,17,580,304,4
32106,17,583,315,4
32122,17,583,324,4
32139,17,577,352,4
32156,17,575,366,2
32172,17,577,357,4
32189,17,582,340,4
32205,17,574,329,4
32222,17,578,333,4
32239,17,585,288,4
32255,17,593,293,4
32272,17,598,287,0
32289,17,582,321,4
32305,17,587,310,4
32322,17,590,308,4
32339,17,583,304,4
32355,17,594,306,4
32372,17,586,311,4
32388,17,591,292,4
32405,17,593,291,4
32422,17,586,294,4
32438,17,594,282,0
32455,17,596,317,4
32472,17,676,258,1
32488,17,706,303,0
32505,17,689,297,0
32522,17,702,221,1
32538,17,707,241,1
32555,17,695,258,1
32571,17,702,261,0
32588,17,709,244,1
32605,17,703,254,1
32621,17,704,251,1
32638,17,702,237,1
32655,17,701,273,0
32671,17,694,265,0
32688,17,701,237,1
32705,17,710,228,1
32721,17,714,219,1
32738,17,695,253,1
32754,17,696,252,1
32771,17,694,248,1
32788,17,706,245,1
32804,17,699,275,0
32821,17,697,238,1
32838,17,698,228,1
32854,17,702,248,1
32871,17,696,269,0
32887,17,696,238,1
32904,17,686,293,0
32921,17,692,310,0
32937,17,704,259,1
32954,17,696,286,0
32971,17,710,238,1
32987,17,707,299,0
33004,17,706,263,0
33021,17,708,264,0
33037,17,713,257,1
33054,17,708,265,0
33070,17,710,256,1
33087,17,710,267,0
33104,17,710,267,0
33120,17,710,286,0
33137,17,713,236,1
33154,17,713,252,1
33170,17,682,285,0
33187,17,611,318,4
33204,17,571,327,4
33220,17,569,319,4
33237,17,568,311,4
33253,17,566,308,4
33270,17,568,355,4
33287,17,558,393,2
33303,17,563,291,4
33320,17,565,355,4
33337,17,587,305,4
33353,17,564,312,4
33370,17,565,364,4
33387,17,564,358,4
33403,17,560,415,2
33420,17,631,342,0
33436,17,704,317,0
33453,17,720,341,0
33470,17,708,331,0
33486,17,718,327,0
33503,17,713,316,0
33520,17,729,332,0
33536,17,720,322,0
33553,17,720,313,0
33570,17,724,310,0
33586,17,711,310,0
33603,17,717,316,0
33619,17,716,333,0
33636,17,715,321,0
33653,17,726,273,0
33669,17,729,317,0
33686,17,715,318,0
33703,17,723,333,0
33719,17,645,323,0
33736,17,545,377,2
33753,17,480,312,4
33769,17,477,402,2
33786,17,445,405,2
33802,17,467,371,2
33819,17,485,346,4
33836,17,476,420,3
33852,17,455,429,3
33869,17,481,337,4
33886,17,470,434,3
33902,17,474,436,3
33919,17,476,335,4
33936,17,473,375,2
33952,17,474,452,3
33969,17,481,462,3
33985,17,477,435,3
34002,17,481,337,4
34019,17,460,444,3
34035,17,472,438,3
34052,17,483,369,2
34069,17,462,446,3
34085,17,468,467,3
34102,17,574,339,4
34118,17,579,325,4
34135,17,578,326,4
34152,17,574,318,4
34168,17,583,346,4
34185,17,575,329,4
34202,17,578,327,4
34218,17,574,341,4
34235,17,576,325,4
34252,17,576,323,4
34268,17,577,313,4
34285,17,570,441,3
34301,17,585,298,4
34318,17,577,326,4
34335,17,574,315,4
34351,17,577,335,4
34368,17,572,466,3
34385,17,576,332,4
34401,17,577,333,4
34418,17,574,331,4
34435,17,576,340,4
34451,17,583,327,4
34468,17,577,320,4
34484,17,578,330,4
34501,17,573,479,3
34518,17,579,328,4
34534,17,574,334,4
34551,17,570,350,4
34568,17,521,380,2
34584,17,529,399,2
34601,17,529,459,3
34618,17,526,495,3
34634,17,523,438,3
34651,17,511,453,3
34667,17,530,346,4
34684,17,530,355,4
34701,17,521,445,3
34717,17,523,423,3
34734,17,530,443,3
34751,17,529,369,2
34767,17,534,349,4
34784,17,532,461,3
34801,17,526,476,3
34817,17,524,488,3
34834,17,525,462,3
34850,17,527,350,4
34867,17,528,442,3
34884,17,525,444,3
34900,17,526,439,3
34917,17,526,446,3
34934,17,525,428,3
34950,17,526,352,4
34967,17,527,448,3
34984,17,535,300,4
35000,17,532,317,4
35017,17,536,344,4
35033,17,529,339,4
35050,17,528,346,4
35067,17,522,424,3
35083,17,449,439,3
35100,17,534,324,4
35117,17,524,432,3
35133,17,528,327,4
35150,17,523,407,2
35166,17,523,459,3
35183,17,525,427,3
35200,17,525,432,3
35216,17,525,430,3
35233,17,527,418,5
35250,17,523,454,3
35266,17,524,460,3
35283,17,526,364,4
35300,17,525,411,2
35316,17,528,384,2
35333,17,526,447,3
35349,17,534,433,3
35366,17,527,376,2
35383,17,522,449,3
35399,17,528,388,2
35416,17,529,375,2
35433,17,527,425,3
35449,17,486,416,2
35466,17,530,415,2
35483,17,528,387,2
35499,17,535,358,4
35516,17,528,398,2
35532,17,524,419,5
35549,17,526,411,2
35566,17,527,386,2
35582,17,493,455,3
35599,17,526,458,3
35616,17,524,478,3
35632,17,497,429,3
35649,17,495,438,3
35666,17,522,454,3
35682,17,518,465,3
35699,17,521,476,3
35715,17,522,435,3
35732,17,519,479,3
35749,17,527,448,3
35765,17,514,565,3
35782,17,519,474,3
35799,17,522,466,3
35815,17,484,441,3
35832,17,514,510,3
35849,17,515,430,3
35865,17,516,352,4
35882,17,524,355,4
35898,17,520,363,4
35915,17,521,373,2
35932,17,519,341,4
35948,17,519,374,2
35965,17,525,386,2
35982,17,524,346,4
35998,17,520,406,2
36015,17,513,402,2
36032,17,522,357,4
36048,17,527,327,4
36065,17,504,376,2
36081,17,517,361,4
36098,17,516,367,2
36115,17,526,361,4
36131,17,520,408,2
36148,17,515,369,2
36165,17,543,377,2
36181,17,540,381,2
36198,17,535,468,3
36215,17,533,473,3
36231,17,536,432,3
36248,17,545,405,2
36264,17,537,431,3
36281,17,538,430,3
36298,17,531,417,5
36314,17,527,444,3
36331,17,536,404,2
36348,17,536,401,2
36364,17,529,379,2
36381,17,526,464,3
36397,17,520,436,3
36414,17,516,468,3
36431,17,535,426,3
36447,17,527,412,2
36464,17,520,357,4
36481,17,523,339,4
36497,17,519,362,4
36514,17,527,386,2
36531,17,511,368,2
36547,17,516,358,4
36564,17,495,386,2
36580,17,488,395,2
36597,17,518,362,4
36614,17,520,359,4
36630,17,515,369,2
36647,17,494,389,2
36664,17,527,390,2
36680,17,495,399,2
36697,17,508,382,2
36714,17,485,349,4
36730,17,512,325,4
36747,17,497,344,4
36763,17,483,363,4
36780,17,510,369,2
36797,17,516,350,4
36813,17,489,366,2
36830,17,513,356,4
36847,17,510,363,4
36863,17,513,355,4
36880,17,513,376,2
36897,17,509,368,2
36913,17,514,370,2
36930,17,488,388,2
36946,17,498,380,2
36963,17,515,373,2
36980,17,500,368,2
36996,17,525,413,2
37013,17,520,439,3
37030,17,521,433,3
37046,17,528,429,3
37063,17,505,441,3
37080,17,526,442,3
37096,17,531,462,3
37113,17,516,500,3
37129,17,522,479,3
37146,17,507,476,3
37163,17,510,482,3
37179,17,514,487,3
37196,17,511,502,3
37213,17,509,464,3
37229,17,514,498,3
37246,17,510,490,3
37263,17,510,554,3
37279,17,510,517,3
37296,17,515,493,3
37312,17,514,487,3
37346,33,502,518,3
37379,33,509,499,3
37429,50,501,483,3
37445,17,497,499,3
37462,17,506,499,3
39042,1580,1862,537,0
39076,33,1891,589,0
41837,2761,1095,913,0
41854,17,1121,871,0
41870,17,1729,804,0
41954,83,349,291,0
41970,17,1641,528,0
41987,17,1025,806,0
42003,17,526,743,3
42053,50,1209,813,0
42087,33,1903,704,0
42186,100,1628,772,0
42203,17,262,376,2
42286,83,970,1038,0
42386,100,276,270,0
42453,67,362,605,3
42519,67,330,57,0
42586,67,305,374,2
42619,33,822,613,3
42636,17,726,156,1
42702,67,488,320,4
42719,17,535,587,3
42752,33,65,249,0
42835,83,425,612,3
42968,133,867,468,3
43018,50,45,173,0
43052,33,617,350,0
43068,17,285,361,0
43185,116,744,630,3
43201,17,10,228,0
43234,33,639,244,1
43251,17,308,416,2
43284,33,19,254,0
43318,33,539,603,3
43551,233,25,310,0
43567,17,0,370,0
43966,399,331,482,3
44000,33,1388,629,0
44050,50,719,504,3
44066,17,286,600,3
44199,133,741,219,0
44316,116,403,428,3
44449,133,1397,292,0
44499,50,1405,305,0
44648,150,84,347,0
44665,17,586,820,0
44715,50,654,918,0
44748,33,436,727,3
44948,200,406,100,0
46013,1065,712,758,3
46146,133,124,547,3
46944,798,260,556,3
47011,67,700,159,1
47576,566,449,455,3
47842,266,715,286,0
47909,67,450,728,3
48009,100,222,717,3
48075,67,841,682,3
48158,83,1339,825,0
48225,67,1196,660,0
48358,133,1099,950,0
48491,133,770,778,0
48641,150,857,856,0
48691,50,1119,258,0
48724,33,1110,861,0
48874,150,1869,246,0
48907,33,1039,407,0
48957,50,1461,681,0
48974,17,1446,819,0
49123,150,1415,849,0
49140,17,1076,776,0
49157,17,1090,963,0
49173,17,912,134,0
49240,67,1179,873,0
49306,67,1378,823,0
49340,33,1145,407,0
49373,33,1469,709,0
49406,33,1418,777,0
49456,50,967,1014,0
49473,17,981,949,0
49489,17,1322,865,0
49506,17,946,774,0
49572,67,1871,781,0
49589,17,1570,830,0
49606,17,856,117,0
49656,50,1900,780,0
49689,33,1346,852,0
49739,50,723,709,3
49889,150,12,420,3
49905,17,393,613,3
50005,100,150,52,0
50421,416,459,490,3
50454,33,502,459,3
50670,216,468,446,3
51036,366,475,561,3
51402,366,871,324,0
51469,67,1506,802,0
51552,83,395,122,0
51585,33,1349,869,0
51652,67,1071,248,0
51702,50,623,189,1
51718,17,1059,407,0
51752,33,1613,818,0
51768,17,664,111,0
51835,67,688,312,0
51985,150,885,416,3
52084,100,872,273,0
52134,50,479,529,3
52201,67,828,772,0
52267,67,1088,953,0
52301,33,432,635,3
52317,17,927,1079,0
52434,116,972,67,0
52500,67,622,305,0
52550,50,1065,122,0
52567,17,717,197,1
52667,100,750,557,3
52733,67,1487,777,0
52750,17,690,658,3
52800,50,1146,743,0
52833,33,693,572,3
52916,83,614,635,3
52933,17,1024,510,0
53066,133,600,51,0
53082,17,1662,367,0
53116,33,1362,715,0
53132,17,524,585,3
53182,50,711,615,3
53299,116,691,634,3
53315,17,394,26,0
53548,233,670,618,3
53748,200,1361,719,0
53947,200,321,457,3
54097,150,23,347,0
54363,266,900,551,3
54397,33,207,197,0
54447,50,517,666,3
54546,100,656,734,3
54663,116,284,57,0
54846,183,873,807,0
54862,17,1041,716,0
54896,33,803,398,0
54912,17,772,673,3
54929,17,1034,966,0
54946,17,1690,816,0
54995,50,480,325,4
55162,166,681,696,3
55228,67,1346,515,0
55245,17,1202,906,0
55478,233,952,145,0
55744,266,1026,489,0
55794,50,279,614,3
55977,183,100,419,3
55994,17,766,281,0
56010,17,513,395,2
56043,33,602,686,3
56110,67,1504,820,0
56293,183,588,334,4
56343,50,1403,820,0
56459,116,674,651,3
56493,33,1056,667,0
56543,50,564,172,1
56559,17,860,357,0
56592,33,618,513,3
56626,33,759,549,3
56642,17,847,88,0
56692,50,783,593,3
56709,17,1156,467,0
56726,17,891,185,0
56742,17,903,89,0
56759,17,361,608,3
56775,17,882,248,0
56809,33,1119,97,0
56842,33,855,452,3
56859,17,943,345,0
56892,33,542,450,3
56925,33,585,467,3
56958,33,1110,893,0
56975,17,635,414,2
57058,83,945,556,3
57075,17,562,767,0
57108,33,948,562,3
57125,17,1086,926,0
57158,33,845,664,3
57274,116,804,518,3
57341,67,955,577,3
57358,17,795,381,0
57391,33,1103,487,0
57441,50,884,615,3
57624,183,671,20,0
57724,100,802,176,0
57790,67,650,550,3
57890,100,543,748,3
57923,33,892,613,3
57973,50,697,274,0
57990,17,854,631,3
58023,33,845,663,3
58090,67,1278,324,0
58106,17,907,581,3
58123,17,965,220,0
58139,17,876,164,0
58239,100,875,687,3
58289,50,1164,162,0
58306,17,574,317,4
58422,116,931,563,3
58505,83,747,626,3
58572,67,884,593,3
58589,17,572,504,3
58738,150,872,659,3
58755,17,663,626,3
58838,83,882,625,3
59005,166,734,619,3
59088,83,1076,519,0
59204,116,847,669,3
59321,116,1009,449,3
59504,183,910,336,0
59637,133,129,120,0
59720,83,893,549,3
59770,50,1865,673,0
59803,33,513,493,3
59870,67,179,411,0
59886,17,862,190,0
59903,17,903,287,0
59953,50,910,117,0
59969,17,818,269,0
59986,17,825,241,0
60003,17,640,659,3
60053,50,1142,329,0
60119,67,865,440,3
60169,50,1430,560,0
60219,50,983,477,3
60252,33,850,336,0
60352,100,930,84,0
60369,17,372,397,2
60468,100,468,246,1
60502,33,578,787,0
60518,17,723,387,2
60535,17,1123,293,0
60618,83,664,147,1
60701,83,734,328,0
60735,33,901,679,3
60784,50,908,298,0
60801,17,896,204,0
60951,150,718,522,3
60967,17,787,434,3
60984,17,877,87,0
61084,100,258,340,0
61167,83,929,25,0
61284,116,764,617,3
61300,17,904,104,0
61317,17,1189,625,0
61333,17,760,236,0
61350,17,858,207,0
61367,17,362,437,3
61383,17,866,76,0
61400,17,712,504,3
61417,17,925,646,3
61433,17,1645,740,0
61483,50,699,883,0
61533,50,767,1058,0
61633,100,711,518,3
61783,150,881,671,3
62015,233,933,966,0
62132,116,1291,537,0
62149,17,1241,741,0
62232,83,1267,874,0
62315,83,1058,429,0
62332,17,1215,253,0
62398,67,845,649,3
62465,67,291,519,3
62498,33,1381,528,0
62531,33,159,260,0
62598,67,1204,883,0
62614,17,781,343,0
62648,33,1574,771,0
62664,17,743,812,0
62764,100,534,766,3
62814,50,500,694,3
63097,283,171,476,3
63280,183,872,376,0
63313,33,1013,902,0
63529,216,934,37,0
63746,216,103,43,0
63762,17,832,297,0
63779,17,737,574,3
63812,33,677,611,3
63829,17,1103,818,0
63845,17,515,679,3
63862,17,158,362,0
64211,349,493,681,3
64328,116,1572,806,0
64378,50,241,286,0
64461,83,872,674,3
64544,83,788,319,0
64561,17,632,494,3
64677,116,489,234,1
64694,17,493,414,2
64810,116,942,825,0
64860,50,887,827,0
64960,100,1418,568,0
65026,67,510,630,3
65126,100,622,461,3
65176,50,509,573,3
65259,83,930,798,0
65442,183,475,499,3
65459,17,1032,785,0
65476,17,489,680,3
65492,17,844,711,3
65559,67,984,618,3
65642,83,868,640,3
65725,83,1161,852,0
65925,200,1102,919,0
66008,83,518,517,3
66124,116,927,919,0
66158,33,530,638,3
66207,50,500,169,1
66374,166,441,388,2
66407,33,1370,215,0
66490,83,830,291,0
66557,67,42,65,0
66740,183,22,417,3
66773,33,805,804,0
66840,67,1714,3,0
66873,33,753,544,3
66906,33,1182,343,0
66973,67,539,546,3
66989,17,823,279,0
67006,17,284,453,3
67139,133,765,427,3
67156,17,105,224,0
67239,83,70,395,0
67272,33,886,162,0
67339,67,930,112,0
67405,67,1355,712,0
67488,83,824,379,0
67505,17,715,488,3
67572,67,670,363,0
67588,17,382,576,3
67605,17,584,300,4
67705,100,1088,880,0
67738,33,1798,804,0
67821,83,733,223,0
67904,83,920,1013,0
67921,17,767,495,3
67938,17,534,444,3
67971,33,519,795,0
68004,33,703,200,1
68037,33,762,571,3
68054,17,384,555,3
68137,83,14,427,3
68154,17,181,419,3
68187,33,427,412,2
68420,233,1012,885,0
68470,50,939,435,3
68636,166,1169,920,0
68703,67,618,123,0
68919,216,1158,845,0
68986,67,1111,942,0
69135,150,1360,634,0
69152,17,1171,906,0
69235,83,824,1074,0
69302,67,1099,895,0
69318,17,1278,885,0
69535,216,1889,596,0
69568,33,964,978,0
69584,17,968,976,0
69717,133,966,977,0
69734,17,1088,947,0
69751,17,950,956,0
69817,67,1361,598,0
69851,33,1270,733,0
69867,17,1218,858,0
69917,50,1537,827,0
69950,33,1514,776,0
70017,67,1408,710,0
70050,33,1370,726,0
70083,33,1097,907,0
70100,17,975,935,0
70133,33,1246,722,0
70283,150,893,964,0
70300,17,1412,859,0
70316,17,633,1075,0
70333,17,343,326,0
70383,50,1312,775,0
70516,133,1557,801,0
70533,17,1065,967,0
70549,17,925,989,0
70599,50,981,853,0
70699,100,1445,581,0
70716,17,1307,282,0
70799,83,1380,831,0
70832,33,1251,683,0
70932,100,1288,805,0
71065,133,1175,864,0
71148,83,1198,641,0
71331,183,1163,882,0
71381,50,1404,312,0
71398,17,1337,486,0
71448,50,1513,841,0
71514,67,1012,937,0
71531,17,1135,914,0
71547,17,1138,586,0
71597,50,1443,734,0
71697,100,888,1079,0
71714,17,619,1054,0
71747,33,1621,776,0
71814,67,1140,941,0
71830,17,1259,876,0
71880,50,1370,847,0
71913,33,1082,702,0
71947,33,1134,899,0
72080,133,1400,846,0
72179,100,1256,792,0
72313,133,1195,600,0
72362,50,1542,230,0
72579,216,1505,730,0
72645,67,648,1038,0
72679,33,1204,505,0
72795,116,678,1075,0
72812,17,1621,821,0
72978,166,759,1070,0
73011,33,865,1080,0
73028,17,1237,900,0
73044,17,1147,800,0
73078,33,1843,534,0
73144,67,1050,987,0
73194,50,1090,877,0
73211,17,1778,650,0
73227,17,571,440,3
73277,50,1414,462,0
73311,33,581,1061,0
73327,17,1064,787,0
73344,17,1422,695,0
73444,100,1141,924,0
73477,33,1135,783,0
73494,17,1497,690,0
73527,33,1311,734,0
73560,33,1603,693,0
73610,50,1133,942,0
73710,100,569,1063,0
73727,17,1780,127,0
73760,33,542,794,0
73776,17,1296,706,0
73810,33,580,1023,0
73910,100,1424,833,0
73993,83,1362,199,0
74026,33,1128,945,0
74043,17,607,1052,0
74126,83,1537,811,0
74159,33,633,369,2
74342,183,912,202,0
74425,83,926,454,3
74458,33,912,296,0
74475,17,1201,419,0
74558,83,1456,799,0
74908,349,851,451,3
75007,100,1169,90,0
75074,67,803,487,3
75107,33,591,234,1
75141,33,967,597,3
75257,116,912,215,0
75340,83,674,632,3
75457,116,972,637,3
75490,33,1302,50,0
75590,100,1433,209,0
75640,50,800,485,3
75656,17,638,616,3
75689,33,636,89,0
75889,200,888,346,0
76105,216,949,231,0
76155,50,945,240,0
76189,33,1122,851,0
76322,133,685,570,3
76355,33,93,276,0
76372,17,1382,729,0
76405,33,694,619,3
76438,33,696,645,3
76455,17,710,517,3
76488,33,1070,11,0
76538,50,909,399,0
76554,17,796,555,3
76571,17,805,506,3
76621,50,684,400,2
76654,33,5,38,0
76688,33,678,620,3
76787,100,896,392,0
76871,83,933,7,0
76954,83,1405,365,0
77037,83,887,459,3
77203,166,15,370,0
77253,50,1239,804,0
77403,150,1077,902,0
77420,17,1256,897,0
77553,133,1142,921,0
77586,33,218,325,0
77719,133,706,637,3
77752,33,794,455,3
77785,33,766,565,3
77802,17,942,633,3
77835,33,725,608,3
77902,67,910,231,0
77935,33,1203,152,0
78002,67,857,388,0
78052,50,1191,905,0
78135,83,545,316,4
78151,17,593,184,1
78201,50,626,172,1
78384,183,915,206,0
78567,183,818,445,3
78617,50,1737,777,0
78800,183,896,312,0
78817,17,892,301,0
78867,50,1023,924,0
79249,383,933,466,3
79316,67,877,395,0
79382,67,1254,199,0
79432,50,227,468,3
79832,399,1373,121,0
79981,150,1730,671,0
80064,83,469,288,4
80381,316,827,423,3
80564,183,934,1074,0
80647,83,582,31,0
80697,50,914,378,0
80880,183,1891,171,0
80930,50,829,367,0
80946,17,431,179,1
81229,283,1043,886,0
81279,50,839,286,0
81329,50,1397,858,0
81395,67,1222,172,0
81429,33,1126,127,0
81445,17,1641,817,0
81462,17,1037,456,0
81678,216,983,893,0
81795,116,1046,923,0
81861,67,1680,800,0
81961,100,1100,931,0
82027,67,548,345,4
82144,116,476,910,0
82177,33,940,185,0
82194,17,827,260,0
82310,116,525,325,4
82643,333,1157,924,0
82660,17,1429,849,0
83009,349,1127,898,0
83159,150,1856,746,0
83192,33,1155,920,0
83209,17,1893,748,0
83225,17,1845,700,0
83242,17,29,195,0
83408,166,858,342,0
83458,50,713,65,0
83525,67,1292,854,0
83541,17,1918,519,0
83674,133,1659,808,0
83874,200,1477,847,0
83957,83,124,72,0
84074,116,1047,928,0
84157,83,1767,743,0
84207,50,959,654,3
84323,116,1149,181,0
84489,166,1899,787,0
85005,516,645,211,1
85604,599,1660,745,0
85637,33,1733,717,0
85720,83,1798,633,0
85737,17,1726,810,0
85770,33,1890,557,0
85804,33,841,667,3
86020,216,1506,787,0
86070,50,1875,489,0
86103,33,1648,186,0
86153,50,1272,833,0
86170,17,1257,850,0
86303,133,1331,813,0
86319,17,1737,724,0
86436,116,1248,109,0
86536,100,437,14,0
86835,299,699,601,3
87068,233,804,95,0
87118,50,1804,437,0
87134,17,1610,713,0
87218,83,1095,359,0
87234,17,1914,692,0
87267,33,1537,369,0
87284,17,1362,694,0
87301,17,1424,840,0
87467,166,1685,17,0
87500,33,1115,948,0
87517,17,1146,556,0
87617,100,1241,10,0
87950,333,1867,587,0
87966,17,1102,496,0
87983,17,1822,526,0
88132,150,1557,477,0
88149,17,959,987,0
88166,17,1860,456,0
88232,67,1660,1,0
88282,50,1444,589,0
88299,17,1628,679,0
88332,33,1287,42,0
88349,17,1698,108,0
88532,183,1817,661,0
88715,183,1556,231,0
88781,67,1606,744,0
88864,83,82,61,0
88881,17,864,641,3
89031,150,1169,419,0
89064,33,30,292,0
89297,233,430,28,0
89530,233,155,418,3
90079,549,479,88,0
90545,466,903,969,0
90844,299,1336,284,0
90960,116,1785,593,0
90994,33,1456,522,0
91227,233,1216,834,0
91243,17,1246,711,0
91293,50,1496,400,0
91360,67,1040,637,0
92058,699,765,678,3
92075,17,713,643,3
92341,266,722,988,0
92557,216,1619,683,0
92707,150,1890,756,0
92740,33,1749,556,0
92957,216,1000,498,3
92990,33,1675,793,0
93007,17,1679,791,0
93106,100,3,286,0
93140,33,1579,778,0
93206,67,952,1057,0
93223,17,1364,665,0
93389,166,877,658,3
93489,100,1384,259,0
93556,67,1633,106,0
93589,33,1888,786,0
93605,17,1632,576,0
93622,17,1566,381,0
93639,17,1136,937,0
93655,17,1119,686,0
93705,50,1907,785,0
93788,83,1432,853,0
93805,17,1626,758,0
93855,50,1475,820,0
94021,166,947,32,0
94138,116,1499,823,0
94238,100,921,669,3
94321,83,1857,687,0
94387,67,1500,61,0
94470,83,1537,828,0
94487,17,1681,783,0
94787,299,523,65,0
95236,449,1426,70,0
95335,100,1493,814,0
95485,150,1475,817,0
95552,67,1121,947,0
95968,416,1596,734,0
96067,100,773,679,3
96117,50,1054,982,0
96151,33,1885,731,0
96217,67,1068,448,0
96234,17,1534,820,0
96250,17,1120,950,0
96267,17,274,30,0
96716,449,1519,820,0
96899,183,1911,793,0
97082,183,1429,834,0
97315,233,1510,790,0
97431,116,1895,515,0
97481,50,1293,885,0
97515,33,1167,929,0
97731,216,1810,21,0
97748,17,1132,944,0
97781,33,837,334,0
98014,233,880,19,0
98064,50,948,1056,0
98163,100,1689,805,0
98197,33,1045,551,0
98346,150,1642,779,0
98696,349,1223,156,0
98862,166,1781,281,0
98895,33,1402,846,0
98945,50,1919,750,0
99028,83,1010,996,0
99045,17,1500,267,0
99178,133,674,433,3
99261,83,690,751,3
99461,200,782,330,0
99960,499,373,566,3
100076,116,549,380,2
100243,166,947,1024,0
100426,183,1259,836,0
100526,100,961,1008,0
100542,17,1595,381,0
100609,67,1094,367,0
100709,100,1549,327,0
100758,50,875,174,0
100875,116,1556,414,0
100941,67,1578,372,0
100958,17,1407,622,0
101091,133,1755,690,0
101108,17,1080,910,0
101124,17,1790,664,0
101141,17,1803,525,0
101158,17,1862,609,0
101191,33,784,817,0
101208,17,893,513,3
101258,50,1321,741,0
101640,383,1279,771,0
101773,133,1199,81,0
102006,233,1489,615,0
102023,17,1552,421,0
102222,200,1000,997,0
102239,17,1910,230,0
102272,33,1732,568,0
102422,150,1521,94,0
102638,216,1316,49,0
102738,100,1536,733,0
102755,17,1457,800,0
102788,33,1531,308,0
102888,100,914,960,0
103087,200,1364,847,0
103104,17,533,487,3
103154,50,1585,383,0
103187,33,1576,298,0
103204,17,1275,842,0
103220,17,1543,459,0
103254,33,1494,396,0
103270,17,994,1020,0
103354,83,1512,602,0
103370,17,1029,948,0
103437,67,970,994,0
103670,233,1872,400,0
103803,133,1683,292,0
104019,216,1733,294,0
104102,83,1390,660,0
104185,83,655,149,1
104268,83,1510,527,0
104285,17,1489,521,0
104418,133,1736,770,0
104634,216,1385,846,0
104784,150,1479,732,0
104817,33,1230,866,0
104834,17,1489,565,0
105034,200,1167,168,0
105067,33,1578,390,0
105233,166,1457,844,0
105300,67,1124,944,0
105416,116,1123,882,0
105516,100,1172,551,0
105566,50,1184,861,0
105616,50,1447,851,0
105682,67,1580,628,0
106265,582,1075,943,0
106365,100,517,1060,0
106398,33,879,1031,0
106681,283,1100,924,0
106714,33,1266,685,0
106764,50,931,1077,0
106780,17,1063,880,0
106897,116,1483,674,0
107396,499,1013,1010,0
107413,17,1207,708,0
107446,33,1096,958,0
107529,83,535,977,0
107579,50,1205,722,0
107595,17,1163,786,0
107695,100,1093,933,0
107745,50,1312,490,0
107795,50,1608,459,0
107845,50,1377,3,0
107878,33,1153,936,0
107895,17,1541,689,0
107978,83,1276,143,0
108011,33,1250,158,0
108028,17,1167,799,0
108061,33,1028,998,0
108095,33,1511,434,0
108178,83,1147,873,0
108194,17,1043,971,0
108228,33,1077,901,0
108261,33,1583,524,0
108294,33,846,1032,0
108327,33,974,1038,0
108344,17,1012,854,0
108394,50,989,1026,0
108427,33,1316,615,0
108477,50,1454,560,0
108510,33,998,966,0
108527,17,524,786,0
108660,133,1530,156,0
108743,83,1178,838,0
108793,50,988,1028,0
108893,100,1338,838,0
108910,17,1111,908,0
108926,17,577,446,3
108960,33,1095,910,0
109043,83,1567,745,0
109109,67,1218,538,0
109143,33,1161,259,0
109176,33,1154,725,0
109475,299,1381,492,0
109525,50,1382,150,0
109542,17,1459,850,0
109558,17,1695,583,0
109642,83,1072,837,0
109675,33,1092,713,0
109858,183,1212,681,0
109891,33,1603,736,0
109941,50,1027,901,0
109974,33,1381,565,0
110041,67,1099,935,0
110091,50,1168,669,0
110124,33,554,818,0
110157,33,1539,142,0
110191,33,1151,874,0
110207,17,1406,298,0
110274,67,1339,541,0
110307,33,1768,798,0
110340,33,1003,1012,0
110357,17,1299,818,0
110423,67,1890,19,0
110473,50,637,1041,0
110507,33,1528,838,0
110523,17,1123,882,0
110540,17,1158,792,0
110590,50,1544,758,0
110606,17,1082,947,0
110690,83,1375,822,0
110740,50,912,1044,0
110806,67,1250,876,0
110856,50,1005,993,0
110889,33,1104,900,0
110906,17,1002,1004,0
110939,33,1339,5,0
111006,67,1530,698,0
111056,50,1242,623,0
111122,67,1611,713,0
111255,133,184,231,0
111288,33,1718,811,0
111322,33,1284,885,0
111438,116,1282,890,0
111455,17,1176,926,0
111471,17,1087,588,0
111505,33,1882,703,0
111521,17,998,1015,0
111588,67,1153,659,0
111638,50,1001,1002,0
111654,17,1263,819,0
111738,83,1154,814,0
111804,67,908,667,3
111837,33,1599,523,0
111854,17,1139,895,0
111887,33,1802,710,0
111921,33,1126,892,0
111937,17,1397,694,0
112020,83,1302,627,0
112037,17,959,1032,0
112087,50,1010,956,0
112120,33,1248,531,0
112154,33,1187,814,0
112170,17,1218,758,0
112237,67,1084,944,0
112253,17,978,1035,0
112320,67,1226,675,0
112403,83,1506,495,0
112420,17,1302,465,0
112486,67,1379,115,0
112536,50,1351,737,0
112569,33,1420,7,0
112603,33,1215,641,0
112619,17,289,142,0
112669,50,135,23,0
112752,83,95,76,0
112819,67,145,229,0
113002,183,1219,909,0
113019,17,1305,725,0
113035,17,1484,547,0
113068,33,1162,680,0
113085,17,1009,997,0
113118,33,1379,866,0
113202,83,1185,542,0
113268,67,1504,694,0
113285,17,1270,402,0
113351,67,1160,635,0
113401,50,1384,799,0
113468,67,1113,625,0
113518,50,396,867,0
113601,83,1294,353,0
113651,50,1440,696,0
113767,116,1401,855,0
113784,17,1113,778,0
113817,33,1184,786,0
113850,33,1124,894,0
113867,17,1461,846,0
113900,33,1288,347,0
113950,50,1564,237,0
113967,17,1163,760,0
114033,67,1098,932,0
114100,67,1201,620,0
114133,33,609,1012,0
114200,67,889,708,3
114216,17,1224,558,0
114250,33,1075,916,0
114266,17,1243,558,0
114299,33,1401,820,0
114383,83,1215,392,0
114399,17,643,1026,0
114433,33,1084,845,0
114482,50,1284,352,0
114516,33,1615,661,0
114549,33,1218,564,0
114566,17,1028,1000,0
114632,67,963,1047,0
114665,33,1249,287,0
114682,17,1129,664,0
114715,33,1109,472,0
114732,17,1764,678,0
114782,50,430,1080,0
114865,83,1043,958,0
114882,17,973,1013,0
114915,33,1064,864,0
114932,17,864,987,0
114948,17,943,1063,0
114981,33,1042,952,0
114998,17,1126,664,0
115015,17,1196,595,0
115065,50,1169,579,0
115098,33,1406,753,0
115148,50,1327,255,0
115164,17,1045,967,0
115198,33,1069,887,0
115214,17,879,982,0
115231,17,454,1070,0
115248,17,1055,925,0
115264,17,1331,288,0
115298,33,1016,982,0
115314,17,996,1023,0
115331,17,1311,424,0
115364,33,1422,693,0
115397,33,1045,990,0
115431,33,1189,912,0
115497,67,995,1010,0
115514,17,1243,777,0
115530,17,1075,878,0
115564,33,1207,420,0
115580,17,1240,141,0
115597,17,1415,716,0
115647,50,1092,782,0
115663,17,1138,626,0
115713,50,1187,471,0
115730,17,995,1021,0
115780,50,1566,828,0
115797,17,1189,456,0
115830,33,1308,847,0
115846,17,1477,832,0
115896,50,1072,901,0
115913,17,1059,921,0
115930,17,1073,916,0
115963,33,1095,885,0
115980,17,1892,648,0
116013,33,1235,423,0
116029,17,928,1023,0
116046,17,1208,527,0
116079,33,1278,294,0
116096,17,1157,825,0
116113,17,1507,238,0
116129,17,978,1036,0
116146,17,1229,344,0
116179,33,973,1040,0
116229,50,1030,974,0
116329,100,1544,818,0
116362,33,1234,405,0
116379,17,1099,886,0
116412,33,1144,843,0
116445,33,1148,843,0
116479,33,1104,830,0
116529,50,1279,775,0
116578,50,1133,897,0
116595,17,1492,815,0
116628,33,1071,929,0
116678,50,1256,105,0
116695,17,999,1018,0
116728,33,1374,409,0
116745,17,1143,895,0
116795,50,1342,108,0
116811,17,1248,782,0
116861,50,969,995,0
116878,17,1252,900,0
116911,33,1349,852,0
116928,17,1140,771,0
116961,33,1866,792,0
116994,33,1297,329,0
117028,33,1173,839,0
117044,17,1132,929,0
117077,33,1483,716,0
117127,50,1005,1003,0
117144,17,1023,997,0
117161,17,1410,860,0
117194,33,1087,950,0
117294,100,1073,885,0
117310,17,1642,765,0
117327,17,1834,621,0
117344,17,1138,651,0
117394,50,1367,187,0
117410,17,959,1048,0
117427,17,941,709,3
117493,67,989,1016,0
117510,17,1121,851,0
117543,33,1004,1007,0
117560,17,966,1044,0
117593,33,1155,851,0
117626,33,1042,927,0
117643,17,1006,986,0
117676,33,1155,562,0
117710,33,1088,954,0
117743,33,944,1060,0
117776,33,1206,451,0
117809,33,1006,988,0
117826,17,1397,726,0
117876,50,1045,937,0
117926,50,1024,995,0
117959,33,1111,781,0
117976,17,966,1046,0
117992,17,946,1057,0
118009,17,850,1043,0
118042,33,968,1041,0
118076,33,1023,991,0
118092,17,989,1018,0
118192,100,1123,916,0
118209,17,980,1023,0
118275,67,1272,521,0
118325,50,1047,987,0
118375,50,1110,921,0
118425,50,981,1033,0
118475,50,1011,950,0
118491,17,949,1052,0
118608,116,1114,866,0
119024,416,101,159,0
119340,316,276,343,0
119523,183,336,353,0
119589,67,569,306,4
119606,17,542,255,1
119639,33,554,361,4
119656,17,566,280,0
119673,17,560,283,0
119689,17,544,442,3
119706,17,554,295,4
119722,17,556,305,4
119739,17,556,315,4
119756,17,563,384,2
119772,17,556,328,4
119789,17,555,425,3
119806,17,555,326,4
119822,17,553,464,3
119839,17,521,355,4
119856,17,508,341,4
119872,17,516,370,2
119889,17,509,391,2
119905,17,512,398,2
119922,17,507,386,2
119939,17,514,392,2
119955,17,454,412,2
119972,17,506,406,2
119989,17,521,251,1
120005,17,491,416,2
120022,17,518,399,2
120039,17,514,402,2
120055,17,508,420,5
120072,17,511,427,3
120088,17,515,313,4
120105,17,519,329,4
120122,17,520,337,4
120138,17,523,316,4
120155,17,522,338,4
120172,17,515,332,4
120188,17,518,333,4
120205,17,518,334,4
120221,17,524,320,4
120238,17,522,328,4
120255,17,523,335,4
120271,17,521,351,4
120288,17,520,336,4
120305,17,521,316,4
120321,17,538,376,2
120338,17,533,415,2
120355,17,495,510,3
120371,17,526,408,2
120388,17,534,420,5
120404,17,521,401,2
120421,17,522,411,2
120438,17,531,395,2
120454,17,530,405,2
120471,17,530,400,2
120488,17,537,404,2
120504,17,530,414,2
120521,17,526,397,2
120538,17,541,404,2
120554,17,520,387,2
120571,17,542,417,5
120587,17,534,400,2
120604,17,515,334,4
120621,17,508,348,4
120637,17,507,342,4
120654,17,508,414,2
120671,17,509,336,4
120687,17,513,313,4
120704,17,513,338,4
120721,17,506,416,2
120737,17,518,316,4
120754,17,528,317,4
120770,17,515,277,0
120787,17,512,405,2
120804,17,508,395,2
120820,17,494,408,2
120837,17,393,476,3
120854,17,491,386,2
120870,17,497,397,2
120887,17,493,333,4
120904,17,526,387,2
120920,17,492,397,2
120937,17,485,384,2
120953,17,494,396,2
120970,17,396,487,3
120987,17,506,342,4
121003,17,505,317,4
121020,17,544,361,4
121037,17,594,306,4
121053,17,577,335,4
121070,17,580,341,4
121087,17,572,405,2
121103,17,586,396,2
121120,17,580,384,2
121136,17,570,415,2
121153,17,567,432,3
121170,17,565,388,2
121186,17,573,424,3
121203,17,513,459,3
121220,17,562,407,2
121236,17,538,450,3
121253,17,547,437,3
121270,17,533,446,3
121536,266,272,288,0
123266,1730,46,28,0
123299,33,167,127,0
123332,33,233,135,0
123914,582,53,501,3
124181,266,29,57,0
125794,1614,209,292,0
126426,632,158,86,0
126925,499,88,263,0
127308,383,1530,833,0
127358,50,1289,794,0
127375,17,1356,791,0
127408,33,1456,761,0
127424,17,1553,819,0
127474,50,1248,587,0
127541,67,1029,608,0
127558,17,1204,914,0
127607,50,1508,703,0
127624,17,1011,571,3
127790,166,141,44,0
127890,100,107,225,0
127940,50,58,73,0
128789,848,1529,837,0
128805,17,1377,850,0
128872,67,1790,722,0
129221,349,1628,824,0
129254,33,1836,696,0
129288,33,1647,654,0
129321,33,608,994,0
129387,67,1335,435,0
129471,83,1566,685,0
129537,67,1322,867,0
129587,50,1075,923,0
129703,116,1332,687,0
129720,17,1195,774,0
129753,33,1340,849,0
129803,50,1099,848,0
129870,67,1478,741,0
129903,33,1244,474,0
130020,116,1087,894,0
130036,17,1820,689,0
130069,33,1124,838,0
130086,17,868,1034,0
130169,83,1356,94,0
130203,33,982,1033,0
130219,17,1228,560,0
130252,33,1209,593,0
130302,50,894,1040,0
130336,33,1055,956,0
130352,17,1384,864,0
130369,17,1057,938,0
130419,50,1176,702,0
130435,17,993,1011,0
130668,233,143,328,0
130868,200,1525,713,0
130934,67,133,116,0
131201,266,41,9,0
131284,83,906,13,0
131367,83,1216,831,0
131400,33,1073,847,0
131434,33,1126,936,0
131467,33,1327,594,0
131500,33,1123,906,0
131567,67,964,1031,0
131683,116,1195,804,0
131700,17,1278,369,0
131733,33,1383,151,0
131866,133,1600,735,0
132066,200,1038,994,0
132099,33,1050,961,0
132132,33,1608,825,0
132199,67,1275,113,0
132249,50,1565,565,0
132299,50,1130,508,0
132465,166,62,258,0
132665,200,1114,788,0
132698,33,1272,837,0
132714,17,1426,698,0
132748,33,1491,614,0
132781,33,1501,781,0
132798,17,1361,779,0
132881,83,1431,764,0
132897,17,1276,714,0
132914,17,1637,713,0
132947,33,1048,985,0
133014,67,1170,919,0
133047,33,1070,825,0
133114,67,1058,813,0
133147,33,1163,825,0
133230,83,1140,666,0
133247,17,1075,969,0
133330,83,971,1033,0
133546,216,1110,902,0
134345,798,650,618,3
134528,183,723,927,0
134544,17,411,317,0
134677,133,390,25,0
135443,765,1521,676,0
135492,50,384,847,0
135542,50,1192,328,0
135592,50,659,484,3
135659,67,479,293,4
135675,17,748,603,3
135692,17,782,328,0
135925,233,756,445,3
136041,116,1186,655,0
136108,67,1451,667,0
136125,17,1641,800,0
136191,67,179,146,0
136241,50,229,447,3
136441,200,78,416,3
136457,17,79,384,0
136590,133,338,278,0
136690,100,1567,765,0
137156,466,46,497,3
137173,17,286,176,0
137206,33,109,126,0
137522,316,1748,132,0
137539,17,1098,240,0
137572,33,1640,822,0
137622,50,1842,786,0
137638,17,169,348,0
137655,17,1781,682,0
137738,83,1070,591,0
137788,50,984,1018,0
137838,50,1100,955,0
137921,83,1366,826,0
138088,166,1359,821,0
138271,183,1772,735,0
138287,17,1639,119,0
138387,100,1692,421,0
138487,100,1147,824,0
138537,50,1487,717,0
138753,216,1305,446,0
138853,100,1541,310,0
138869,17,653,503,3
139019,150,1223,898,0
139069,50,1179,925,0
139102,33,1528,706,0
139285,183,1555,359,0
139402,116,357,515,3
139784,383,593,56,0
139917,133,244,679,3
140017,100,910,62,0
140067,50,1057,445,0
140084,17,934,1074,0
140100,17,241,358,0
140134,33,713,787,0
140233,100,998,1005,0
141448,1214,1328,844,0
142013,566,923,987,0
142030,17,1550,683,0
142230,200,1156,321,0
142246,17,981,980,0
142280,33,558,373,2
142313,33,75,228,0
142429,116,61,269,0
142479,50,1534,833,0
142562,83,1020,875,0
142612,50,232,576,3
142779,166,136,157,0
142795,17,1510,393,0
142812,17,1279,141,0
142829,17,939,1069,0
143095,266,482,344,4
143128,33,1835,487,0
143261,133,135,648,3
143294,33,984,985,0
143311,17,1868,134,0
143328,17,910,595,3
143394,67,14,295,0
143544,150,1071,330,0
143594,50,1265,742,0
143677,83,1294,877,0
143760,83,1565,669,0
143910,150,973,947,0
143993,83,183,494,3
144043,50,95,369,0
144093,50,1218,223,0
144109,17,1068,403,0
144126,17,264,378,2
144159,33,58,421,3
144226,67,224,518,3
144243,17,1147,932,0
144475,233,1093,219,0
144542,67,998,986,0
144559,17,912,641,3
144575,17,3,510,3
144592,17,25,483,3
144675,83,105,134,0
144692,17,36,554,3
144808,116,1277,648,0
144875,67,728,595,3
145041,166,1031,912,0
145191,150,971,956,0
145207,17,877,950,0
145224,17,1130,946,0
145274,50,1018,317,0
145374,100,1117,946,0
145490,116,210,105,0
145640,150,362,654,3
145773,133,810,627,3
145806,33,559,290,4
145823,17,478,78,0
145973,150,82,653,3
146039,67,439,313,4
146072,33,139,539,3
146122,50,754,300,0
146189,67,189,625,3
146272,83,184,585,3
146305,33,179,588,3
146388,83,224,615,3
146405,17,224,616,3
146438,33,314,567,3
146488,50,288,617,3
146505,17,305,577,3
146571,67,303,561,3
146588,17,334,570,3
146605,17,667,348,0
146721,116,746,225,0
146738,17,304,639,3
146788,50,279,486,3
146854,67,266,527,3
146921,67,154,610,3
146954,33,297,589,3
147004,50,224,476,3
147021,17,173,689,3
147253,233,628,459,3
147287,33,500,652,3
147353,67,576,277,0
147769,416,86,150,0
148035,266,200,464,3
148118,83,168,135,0
148301,183,218,320,0
148401,100,20,399,0
148435,33,24,372,0
148451,17,922,817,0
148484,33,18,442,3
148618,133,118,470,3
148651,33,116,547,3
148667,17,462,402,2
148751,83,344,324,0
148767,17,186,559,3
148801,33,190,504,3
148834,33,72,485,3
148850,17,250,437,3
148950,100,2,514,3
149000,50,339,310,0
149133,133,484,260,0
149582,449,200,596,3
149632,50,67,508,3
149649,17,900,662,3
149715,67,1197,861,0
149932,216,1030,970,0
150032,100,1041,428,0
150198,166,850,161,0
150214,17,696,479,3
150281,67,324,95,0
150331,50,917,987,0
150464,133,232,46,0
150514,50,196,510,3
150531,17,1192,906,0
150547,17,1821,109,0
150714,166,1803,321,0
150730,17,1540,676,0
150747,17,906,992,0
150780,33,1480,484,0
150813,33,960,959,0
150863,50,1221,874,0
151030,166,976,500,3
151063,33,854,786,0
151113,50,904,786,0
151213,100,1290,868,0
151229,17,1589,620,0
151296,67,1482,698,0
151346,50,1352,678,0
151362,17,53,305,0
151396,33,176,659,3
151545,150,664,301,0
151612,67,1540,835,0
151662,50,594,589,3
151695,33,932,106,0
151811,116,536,453,3
152227,416,860,294,0
152377,150,228,662,3
152543,166,1560,799,0
152593,50,845,863,0
152643,50,1412,822,0
152859,216,851,864,0
152943,83,1359,865,0
152959,17,1192,730,0
152976,17,778,872,0
153092,116,298,562,3
153209,116,1064,319,0
153591,383,77,43,0
153675,83,1917,257,0
153708,33,128,479,3
153724,17,246,436,3
153841,116,456,9,0
153874,33,123,460,3
153891,17,731,333,0
153974,83,253,466,3
153991,17,689,409,2
154041,50,182,489,3
154140,100,145,478,3
154157,17,89,213,0
154174,17,284,616,3
154323,150,202,638,3
154373,50,145,512,3
154390,17,185,620,3
154407,17,274,599,3
154490,83,288,654,3
154556,67,296,676,3
154573,17,259,534,3
154606,33,283,609,3
154623,17,297,622,3
154689,67,298,617,3
154723,33,119,418,3
154939,216,245,692,3
154972,33,568,836,0
155005,33,215,613,3
155039,33,235,635,3
155072,33,157,745,3
155089,17,441,391,2
155188,100,353,459,3
155205,17,314,409,2
155305,100,324,568,3
155338,33,721,628,3
155355,17,214,645,3
155371,17,301,681,3
155388,17,295,462,3
155405,17,283,601,3
155438,33,1477,638,0
155455,17,241,566,3
155471,17,437,559,3
155488,17,171,449,3
155554,67,338,511,3
155621,67,1385,786,0
155638,17,1704,305,0
155737,100,234,506,3
155754,17,431,512,3
155821,67,177,399,0
155954,133,967,762,3
156087,133,1123,922,0
156103,17,821,681,3
156137,33,977,965,0
156220,83,1007,326,0
156419,200,1087,896,0
156453,33,1027,352,0
156503,50,374,527,3
156552,50,1080,297,0
156586,33,812,888,0
156702,116,571,818,0
156752,50,188,494,3
156885,133,981,439,3
156902,17,135,333,0
156918,17,1266,392,0
157068,150,1502,512,0
157118,50,505,303,4
157168,50,1353,104,0
157268,100,1035,319,0
157301,33,874,750,3
157318,17,926,925,0
157334,17,929,625,3
157351,17,64,31,0
157517,166,550,387,2
157850,333,747,197,0
157867,17,572,827,0
158000,133,1088,295,0
158016,17,26,279,0
158216,200,786,1015,0
158332,116,1434,767,0
158366,33,1866,667,0
158599,233,208,520,3
158615,17,1049,331,0
158698,83,950,572,3
158998,299,254,605,3
159048,50,241,517,3
159497,449,959,1043,0
159597,100,843,161,0
159713,116,1210,699,0
159763,50,1083,854,0
159830,67,873,208,0
159879,50,932,525,3
159913,33,972,413,3
160112,200,926,484,3
160478,366,1567,70,0
160744,266,694,357,0
160894,150,175,576,3
160927,33,172,203,0
160961,33,152,588,3
161011,50,135,547,3
161027,17,153,521,3
161044,17,162,463,3
161110,67,665,605,3
161310,200,658,451,3
161327,17,650,538,3
161360,33,184,125,0
161377,17,174,188,0
161393,17,160,202,0
161460,67,141,80,0
161476,17,235,177,0
161493,17,254,558,3
161510,17,690,426,3
161526,17,318,434,3
161576,50,610,1007,0
161593,17,485,685,3
161676,83,163,230,0
161709,33,630,720,3
161826,116,18,403,0
161842,17,172,526,3
161892,50,200,347,0
161909,17,168,265,0
161926,17,69,103,0
162025,100,267,296,0
162208,183,601,951,0
162258,50,677,314,0
162275,17,710,348,0
162308,33,181,109,0
162358,50,280,423,3
162508,150,55,10,0
162624,116,616,408,2
162641,17,1537,809,0
162707,67,210,271,0
162774,67,44,206,0
162840,67,163,129,0
162924,83,1594,729,0
163007,83,107,164,0
163040,33,1869,668,0
163057,17,229,276,0
163190,133,27,338,0
163356,166,166,228,0
163373,17,136,257,0
163423,50,550,747,3
163456,33,459,575,3
163523,67,518,801,0
163539,17,226,297,0
163556,17,219,335,0
163572,17,859,22,0
163639,67,449,602,3
163755,116,215,373,2
163822,67,100,256,0
163889,67,170,226,0
163905,17,357,576,3
163988,83,469,865,0
164105,116,315,614,3
164155,50,239,582,3
164254,100,191,563,3
164271,17,334,499,3
164288,17,208,554,3
164587,299,794,327,0
164737,150,594,1003,0
164770,33,584,1012,0
164970,200,197,704,3
164986,17,204,197,0
165020,33,299,640,3
165070,50,450,440,3
165086,17,441,562,3
165103,17,247,414,2
165153,50,337,213,1
165169,17,666,770,0
165269,100,440,294,4
165336,67,706,536,3
165386,50,895,153,0
165485,100,916,69,0
165585,100,55,416,3
165635,50,453,514,3
165735,100,191,94,0
165901,166,223,734,3
165951,50,133,535,3
166051,100,47,502,3
166068,17,224,407,2
166267,200,752,344,0
166517,250,711,323,0
166533,17,651,378,2
166617,83,709,232,1
166683,67,316,317,0
166783,100,606,1028,0
166800,17,7,552,3
166866,67,63,544,3
167099,233,522,438,3
167132,33,738,710,3
167216,83,595,1041,0
167249,33,579,1027,0
167299,50,466,616,3
167398,100,511,567,3
167532,133,675,733,3
167548,17,506,542,3
167565,17,1266,116,0
167598,33,594,768,0
167648,50,886,633,3
167681,33,325,582,3
167898,216,495,620,3
168014,116,834,256,0
168031,17,548,549,3
168047,17,539,532,3
168064,17,574,373,2
168164,100,753,573,3
168180,17,525,548,3
168197,17,900,525,3
168280,83,972,1038,0
168297,17,1113,470,0
168380,83,1126,778,0
168463,83,1402,782,0
168596,133,1099,927,0
168679,83,1009,926,0
168696,17,1533,826,0
168746,50,926,1078,0
168763,17,1044,921,0
168796,33,1278,859,0
168812,17,939,1056,0
168846,33,1369,849,0
168862,17,987,1030,0
168879,17,1015,989,0
168896,17,1503,827,0
168912,17,1071,906,0
168962,50,1130,937,0
169012,50,1001,1004,0
169029,17,980,1032,0
169062,33,1033,997,0
169079,17,1143,884,0
169095,17,1559,660,0
169145,50,1372,845,0
169162,17,868,912,0
169178,17,582,247,1
169212,33,933,1069,0
169245,33,381,662,3
169295,50,514,598,3
169411,116,192,127,0
169511,100,1004,1003,0
169561,50,1061,955,0
169611,50,1331,793,0
169628,17,943,1028,0
169644,17,1512,207,0
169678,33,962,1047,0
169711,33,1751,729,0
169761,50,1076,941,0
169877,116,954,1048,0
169894,17,1197,819,0
169910,17,1055,942,0
169927,17,926,1071,0
169944,17,1291,867,0
169960,17,1173,742,0
169977,17,1481,446,0
170027,50,160,237,0
170127,100,1114,925,0
170143,17,1055,939,0
170243,100,962,1019,0
170276,33,967,1044,0
170642,366,1274,831,0
170692,50,1067,957,0
170726,33,1042,921,0
170875,150,309,110,0
170892,17,1138,939,0
171075,183,972,908,0
171175,100,733,493,3
171358,183,233,270,0
171457,100,1554,787,0
171740,283,949,1029,0
171990,250,1609,628,0
172189,200,345,333,0
172572,383,851,109,0
172589,17,1187,920,0
172738,150,538,754,3
172755,17,635,520,3
172871,116,302,103,0
172905,33,502,400,2
172971,67,629,638,3
173104,133,199,249,0
173237,133,949,1060,0
173304,67,132,413,3
173570,266,115,232,0
173670,100,130,420,3
173736,67,250,130,0
173786,50,481,864,0
174053,266,42,221,0
174152,100,276,254,0
174418,266,517,582,3
174635,216,634,732,3
174668,33,1207,707,0
174967,299,623,438,3
175001,33,680,235,1
175084,83,537,604,3
175117,33,576,442,3
175217,100,632,423,3
175234,17,633,447,3
175383,150,1201,876,0
175400,17,621,482,3
175699,299,1213,897,0
175733,33,450,356,4
175749,17,569,619,3
175766,17,811,382,0
175849,83,249,563,3
175949,100,391,430,3
176032,83,363,619,3
176049,17,1044,831,0
176082,33,540,517,3
176182,100,656,389,2
176248,67,697,597,3
176282,33,720,316,0
176298,17,736,617,3
176315,17,421,273,0
176498,183,99,206,0
176531,33,191,617,3
176664,133,323,773,0
176697,33,1600,481,0
176731,33,611,537,3
176747,17,742,380,2
176831,83,819,492,3
177047,216,697,286,0
177213,166,709,387,2
177280,67,985,948,0
177313,33,1023,431,3
177413,100,1234,876,0
177429,17,1150,843,0
177629,200,951,1055,0
177679,50,1208,221,0
177729,50,1257,528,0
177879,150,1097,186,0
177962,83,1340,867,0
178111,150,1359,715,0
178128,17,1163,213,0
178294,166,801,415,3
178311,17,325,72,0
178361,50,1253,538,0
178444,83,495,490,3
178477,33,819,652,3
178544,67,1141,630,0
178561,17,675,776,0
178611,50,566,818,0
178710,100,350,208,1
178727,17,638,658,3
179026,299,635,732,3
179043,17,609,954,0
179143,100,453,535,3
179193,50,499,424,3
179209,17,440,179,1
179226,17,460,460,3
179243,17,272,545,3
179259,17,1317,403,0
179459,200,1150,682,0
179492,33,657,810,0
179509,17,293,122,0
179525,17,377,559,3
179625,100,585,1046,0
179642,17,825,343,0
179808,166,694,534,3
179958,150,1857,775,0
180207,250,614,973,0
180257,50,648,407,2
180307,50,802,201,0
180374,67,594,1033,0
180773,399,623,997,0
181023,250,97,207,0
181405,383,1381,367,0
181438,33,365,625,3
181588,150,679,452,3
181904,316,704,545,3
182037,133,215,217,0
182054,17,716,258,1
182137,83,656,403,2
182453,316,605,1009,0
182570,116,1816,789,0
182836,266,589,1030,0
182869,33,864,290,0
182902,33,252,507,3
182969,67,721,331,0
182986,17,99,192,0
183252,266,81,311,0
183268,17,753,359,0
183285,17,226,318,0
183302,17,192,461,3
183352,50,218,574,3
183451,100,20,92,0
183551,100,186,408,2
183601,50,658,745,3
183634,33,774,537,3
183701,67,773,460,3
183717,17,602,1032,0
183734,17,21,135,0
183767,33,745,377,2
183801,33,564,495,3
183851,50,592,1069,0
183867,17,677,450,3
183884,17,518,705,3
183950,67,655,849,0
184000,50,306,434,3
184067,67,133,487,3
184133,67,1032,816,0
184499,366,42,99,0
184649,150,16,338,0
184682,33,1337,874,0
184716,33,640,784,0
184799,83,636,654,3
184915,116,1187,464,0
184932,17,294,285,0
184965,33,198,546,3
185032,67,1827,521,0
185098,67,199,342,0
185165,67,1157,780,0
185514,349,770,290,0
185581,67,908,1080,0
185780,200,1915,68,0
186246,466,1016,863,0
187028,782,630,145,1
187361,333,395,519,3
187394,33,388,246,1
187444,50,250,237,0
187477,33,78,518,3
187577,100,467,819,0
187593,17,832,425,3
187643,50,787,122,0
187677,33,426,453,3
187760,83,311,549,3
187776,17,653,649,3
187976,200,883,646,3
188076,100,156,542,3
188209,133,74,444,3
188359,150,647,788,0
188592,233,449,423,3
188641,50,569,865,0
188658,17,43,573,3
188725,67,275,275,0
188775,50,773,830,0
188791,17,732,504,3
188824,33,681,775,0
188858,33,573,1051,0
188891,33,647,794,0
188908,17,78,517,3
188974,67,413,687,3
189091,116,312,297,0
189457,366,454,559,3
190105,649,562,1073,0
190122,17,1000,782,0
190205,83,1159,48,0
190322,116,1209,753,0
190505,183,521,703,3
191054,549,541,402,2
191137,83,1643,235,0
191270,133,878,224,0
191303,33,655,815,0
191519,216,700,385,2
191619,100,1606,433,0
191636,17,1147,930,0
191652,17,980,979,0
191719,67,951,1033,0
191785,67,1098,894,0
191819,33,1041,986,0
191835,17,1158,794,0
191852,17,1343,852,0
191902,50,1127,825,0
192035,133,1159,819,0
192052,17,975,1030,0
192068,17,972,1032,0
192085,17,1289,408,0
192118,33,1012,836,0
192135,17,1139,842,0
192151,17,1014,879,0
192185,33,963,1037,0
192201,17,1037,983,0
192218,17,1043,959,0
192318,100,1234,871,0
192384,67,1162,843,0
192517,133,1056,976,0
192767,250,892,1072,0
192817,50,578,433,3
194613,1797,111,875,0
195013,399,662,616,3
195046,33,906,316,0
195063,17,727,441,3
195079,17,697,607,3
195112,33,888,393,0
195196,83,1157,272,0
195312,116,1254,891,0
195395,83,984,1025,0
195429,33,1241,893,0
195578,150,1668,812,0
195761,183,1119,942,0
195795,33,926,1080,0
195811,17,935,1072,0
196011,200,894,985,0
196094,83,1112,954,0
196111,17,1278,877,0
196177,67,949,1059,0
196543,366,987,1026,0
196560,17,1046,841,0
196643,83,509,467,3
196660,17,498,473,3
196676,17,518,294,4
196693,17,499,471,3
196709,17,426,357,4
196726,17,509,453,3
196743,17,512,450,3
196759,17,516,481,3
196776,17,520,294,4
196793,17,511,468,3
196809,17,510,484,3
196826,17,524,440,3
196843,17,511,426,3
196859,17,512,480,3
196876,17,502,470,3
196892,17,509,496,3
196909,17,501,430,3
196926,17,509,515,3
196942,17,479,507,3
196959,17,471,410,2
196976,17,469,437,3
196992,17,468,516,3
197009,17,471,333,4
197026,17,465,510,3
197042,17,462,524,3
197059,17,472,383,2
197075,17,476,380,2
197092,17,465,385,2
197109,17,452,374,2
197125,17,375,409,2
197142,17,293,398,2
197159,17,294,413,2
197175,17,288,409,2
197192,17,277,421,3
197209,17,294,397,2
197225,17,279,405,2
197242,17,290,422,3
197258,17,283,417,2
197275,17,286,428,3
197292,17,282,411,2
197308,17,283,401,2
197325,17,283,431,3
197342,17,279,410,2
197358,17,286,392,2
197375,17,294,403,2
197391,17,274,405,2
197408,17,276,395,2
197425,17,275,388,2
197441,17,278,389,2
197458,17,332,450,3
197475,17,337,594,3
197491,17,337,572,3
197508,17,339,576,3
197525,17,342,533,3
197541,17,347,536,3
197558,17,350,532,3
197574,17,345,530,3
197591,17,343,550,3
197608,17,335,526,3
197624,17,334,533,3
197641,17,337,554,3
197658,17,327,504,3
197674,17,340,521,3
197691,17,339,523,3
197708,17,329,591,3
197724,17,336,534,3
197741,17,338,616,3
197757,17,352,545,3
197774,17,342,505,3
197791,17,342,541,3
197807,17,335,617,3
197824,17,346,593,3
197841,17,344,631,3
197857,17,340,523,3
197874,17,334,537,3
197891,17,342,575,3
197907,17,337,511,3
197924,17,365,587,3
197940,17,410,556,3
197957,17,438,376,2
197974,17,439,389,2
197990,17,437,377,2
198007,17,426,369,2
198024,17,435,370,2
198040,17,437,383,2
198057,17,440,381,2
198074,17,438,390,2
198090,17,422,380,2
198107,17,431,386,2
198123,17,426,386,2
198140,17,440,373,2
198157,17,424,375,2
198173,17,469,353,4
198190,17,468,337,4
198207,17,459,361,4
198223,17,453,355,4
198240,17,451,405,2
198257,17,453,334,4
198273,17,442,464,3
198290,17,443,341,4
198306,17,451,385,2
198323,17,459,381,2
198340,17,455,339,4
198356,17,453,347,4
198373,17,475,345,4
198390,17,443,373,2
198406,17,471,348,4
198423,17,455,398,2
198440,17,468,342,4
198456,17,467,408,2
198473,17,465,407,2
198489,17,454,415,2
198506,17,464,371,2
198523,17,468,402,2
198539,17,461,407,2
198556,17,467,407,2
198573,17,467,413,2
198589,17,457,421,3
198606,17,479,404,2
198622,17,471,409,2
198639,17,371,491,3
198656,17,332,522,3
198672,17,327,515,3
198689,17,317,613,3
198706,17,321,534,3
198722,17,321,498,3
198739,17,333,449,3
198756,17,180,662,3
198772,17,319,492,3
198789,17,340,444,3
198805,17,319,531,3
198822,17,349,451,3
198839,17,308,674,3
198855,17,331,595,3
198872,17,347,419,3
198889,17,318,481,3
198905,17,359,428,3
198922,17,350,617,3
198939,17,351,423,3
198955,17,334,579,3
198972,17,338,570,3
198988,17,407,620,3
199005,17,466,916,0
199022,17,487,785,0
199038,17,500,862,0
199055,17,401,927,0
199072,17,459,728,3
199088,17,484,926,0
199105,17,486,896,0
199122,17,490,780,0
199138,17,492,802,0
199155,17,427,828,0
199171,17,526,918,0
199188,17,471,485,3
199205,17,438,390,2
199238,33,457,346,4
199255,17,457,407,2
200086,832,1,356,0
201284,1198,324,470,3
201301,17,257,573,3
201317,17,292,515,3
201334,17,287,602,3
201351,17,225,654,3
201367,17,300,434,3
201384,17,334,602,3
201401,17,297,552,3
201417,17,239,586,3
201434,17,286,556,3
201450,17,308,410,2
201467,17,306,456,3
201500,33,315,425,3
201517,17,291,469,3
201534,17,270,616,3
201550,17,297,419,3
201567,17,290,482,3
201584,17,339,372,2
201600,17,345,327,0
201617,17,315,514,3
201633,17,285,482,3
201650,17,305,490,3
201667,17,317,505,3
201683,17,339,429,3
201700,17,333,427,3
201717,17,330,540,3
201733,17,354,564,3
201750,17,337,362,0
201767,17,346,435,3
201783,17,349,490,3
201800,17,281,508,3
201816,17,334,460,3
201833,17,380,523,3
201850,17,383,290,0
201866,17,384,287,0
201883,17,386,324,0
201900,17,380,420,3
201916,17,385,543,3
201933,17,371,515,3
201949,17,379,394,2
201966,17,389,279,0
201983,17,380,389,2
201999,17,367,453,3
202016,17,393,254,1
202033,17,407,441,3
202049,17,412,667,3
202066,17,420,545,3
202083,17,435,254,1
202099,17,444,297,4
202116,17,433,522,3
202132,17,452,233,1
202149,17,321,499,3
202166,17,436,434,3
202182,17,451,250,1
202199,17,445,289,4
202216,17,441,331,4
202232,17,436,288,4
202249,17,303,489,3
202266,17,355,496,3
202282,17,420,287,0
202299,17,438,341,4
202315,17,418,485,3
202332,17,445,242,1
202349,17,443,256,1
202365,17,448,255,1
202382,17,446,276,0
202399,17,477,468,3
202415,17,466,240,1
202432,17,442,576,3
202449,17,465,283,0
202465,17,466,234,1
202482,17,465,250,1
202498,17,462,297,4
202515,17,396,453,3
202532,17,441,667,3
202548,17,466,243,1
202565,17,462,250,1
202582,17,436,738,3
202598,17,387,510,3
202648,50,458,436,3
202648,0,458,436,3
202665,17,456,389,2
202681,17,459,341,4
202698,17,445,642,3
202715,17,470,320,4
202731,17,456,430,3
202748,17,441,653,3
202765,17,459,335,4
202781,17,450,441,3
202798,17,443,696,3
202815,17,464,348,4
202831,17,438,692,3
202848,17,450,644,3
202864,17,468,363,4
202881,17,321,610,3
202898,17,468,345,4
202914,17,449,671,3
202931,17,467,336,4
202948,17,473,337,4
202964,17,290,617,3
202981,17,473,301,4
202998,17,420,484,3
203014,17,272,649,3
203031,17,291,559,3
203047,17,295,368,2
203064,17,221,459,3
203081,17,210,526,3
203097,17,263,535,3
203164,67,163,577,3
203214,50,13,665,3
203230,17,216,541,3
203247,17,230,482,3
203264,17,141,622,3
203280,17,203,490,3
203314,33,181,682,3
203330,17,213,551,3
203347,17,261,470,3
203363,17,336,459,3
203380,17,375,359,0
203397,17,383,424,3
203413,17,381,417,2
203430,17,383,410,2
203447,17,388,391,2
203463,17,403,399,2
203480,17,389,417,2
203497,17,392,417,2
203513,17,391,426,3
203530,17,401,434,3
203546,17,396,399,2
203563,17,425,424,3
203580,17,466,372,2
203596,17,473,398,2
203613,17,462,559,3
203630,17,473,390,2
203646,17,475,399,2
203663,17,478,411,2
203680,17,500,336,4
203696,17,489,575,3
203713,17,489,638,3
203729,17,512,282,0
203746,17,509,297,4
203763,17,505,266,0
203779,17,500,321,4
203796,17,448,496,3
203813,17,491,647,3
203829,17,498,412,2
203846,17,501,376,2
